
--- 2026-06-16T20:03:29.031Z debug
🪵  Writing logs to "C:\Users\sewer\Documents\New project 2\pandazen-web-gtp\.wrangler-logs\wrangler-2026-06-16_20-03-28_966.log"
---

--- 2026-06-16T20:03:29.031Z debug
Metrics dispatcher: Posting data {"deviceId":"be93b318-2cf3-4b85-b22f-5693b583b5a6","event":"wrangler command started","timestamp":1781640209031,"properties":{"amplitude_session_id":1781640209029,"amplitude_event_id":0,"wranglerVersion":"3.114.14","osPlatform":"Windows","osVersion":"Windows 11 Pro","nodeVersion":22,"packageManager":"npm","isFirstUsage":false,"configFileType":"toml","isCI":false,"isPagesCI":false,"isWorkersCI":false,"isInteractive":false,"hasAssets":false,"argsUsed":["d1","local","port"],"argsCombination":"d1, local, port","command":"wrangler pages dev","args":{"local":true,"d1":["<REDACTED>"],"port":8788,"xJsonConfig":true,"j":true,"liveReload":false,"nodeCompat":false,"xVectorizeBindToProd":false,"xImagesLocalMode":false,"directory":"<REDACTED>","-command":[],"command":[]}}}
---

--- 2026-06-16T20:03:29.036Z debug
.env file not found at ".env". Continuing... For more details, refer to https://developers.cloudflare.com/workers/wrangler/system-environment-variables/
---

--- 2026-06-16T20:05:48.953Z log

 ⛅️ wrangler 3.114.14 (update available 4.101.0)
------------------------------------------------

---

--- 2026-06-16T20:05:48.995Z warn
▲ [WARNING] The version of Wrangler you are using is now out-of-date.

  Please update to the latest version to prevent critical errors.
  Run `npm install --save-dev wrangler@4` to update to the latest version.
  After installation, run Wrangler with `npx wrangler`.


---

--- 2026-06-16T20:05:48.998Z debug
No experimental flag store instantiated
---

--- 2026-06-16T20:05:48.998Z debug
Attempted to use flag "RESOURCES_PROVISION" which has not been instantiated
---

--- 2026-06-16T20:05:49.000Z debug
Compiling worker to "C:\Users\sewer\Documents\New project 2\pandazen-web-gtp\.wrangler\tmp\pages-p79MSg\functionsWorker-0.02141303322756971.mjs"...
---

--- 2026-06-16T20:05:49.158Z debug
No experimental flag store instantiated
---

--- 2026-06-16T20:05:49.158Z debug
Attempted to use flag "MULTIWORKER" which has not been instantiated
---

--- 2026-06-16T20:05:49.209Z log
✨ Compiled Worker successfully
---

--- 2026-06-16T20:05:49.211Z debug
Metrics dispatcher: Posting data {"deviceId":"be93b318-2cf3-4b85-b22f-5693b583b5a6","event":"build pages functions","timestamp":1781640349211,"properties":{"category":"Workers","wranglerVersion":"3.114.14","os":"win32:x64"}}
---

--- 2026-06-16T20:05:49.259Z log
✨ Parsed 2 valid redirect rules.
---

--- 2026-06-16T20:05:49.260Z log
✨ Parsed 2 valid header rules.
---

--- 2026-06-16T20:05:49.275Z debug
.env file not found at ".dev.vars". Continuing... For more details, refer to https://developers.cloudflare.com/workers/wrangler/system-environment-variables/
---

--- 2026-06-16T20:05:49.275Z log
Your Worker and resources are simulated locally via Miniflare. For more information, see: https://developers.cloudflare.com/workers/testing/local-development.

---

--- 2026-06-16T20:05:49.276Z log
Your worker has access to the following bindings:
- D1 Databases:
  - DB: local-DB=a2beb40a-589f-40f9-940e-4d5e71654025 (a2beb40a-589f-40f9-940e-4d5e71654025) [simulated locally]
---

--- 2026-06-16T20:05:49.288Z debug
Metrics dispatcher: Posting data {"deviceId":"be93b318-2cf3-4b85-b22f-5693b583b5a6","event":"run pages dev","timestamp":1781640349288,"properties":{"category":"Workers","wranglerVersion":"3.114.14","os":"win32:x64"}}
---

--- 2026-06-16T20:05:49.382Z debug
RemoteRuntimeController teardown beginning...
---

--- 2026-06-16T20:05:49.382Z debug
RemoteRuntimeController teardown complete
---

--- 2026-06-16T20:05:49.384Z log
⎔ Starting local server...
---

--- 2026-06-16T20:05:49.390Z debug
[InspectorProxyWorker] handleProxyControllerIncomingMessage {"type":"reloadStart"}
---

--- 2026-06-16T20:05:49.466Z debug
[InspectorProxyWorker] NEW RUNTIME WEBSOCKET http://127.0.0.1:54466/core:user:pandazen-web-gtp
---

--- 2026-06-16T20:05:49.467Z debug
[InspectorProxyWorker] handleProxyControllerIncomingMessage {"type":"reloadComplete","proxyData":{"userWorkerUrl":{"protocol":"http:","hostname":"127.0.0.1","port":"54468"},"userWorkerInspectorUrl":{"protocol":"ws:","hostname":"127.0.0.1","port":"54466","pathname":"/core:user:pandazen-web-gtp"},"userWorkerInnerUrlOverrides":{"protocol":"http:"},"headers":{"MF-Proxy-Shared-Secret":"ebf1b0b4-efed-4f98-b27e-6e66c5488967"},"liveReload":false,"proxyLogsToController":false,"internalDurableObjects":[],"entrypointAddresses":{"__INTERNAL_WRANGLER_MIDDLEWARE__":{"host":"127.0.0.1","port":54469},"default":{"host":"127.0.0.1","port":54470}}}}
---

--- 2026-06-16T20:05:49.468Z debug
[InspectorProxyWorker] reconnectRuntimeWebSocket
---

--- 2026-06-16T20:05:49.469Z debug
[InspectorProxyWorker] SEND TO DEVTOOLS {"method":"Runtime.executionContextsCleared"}
---

--- 2026-06-16T20:05:49.469Z debug
[InspectorProxyWorker] RUNTIME WEBSOCKET OPENED
---

--- 2026-06-16T20:05:49.470Z debug
[InspectorProxyWorker] SEND TO RUNTIME {"method":"Runtime.enable","id":100000001}
---

--- 2026-06-16T20:05:49.470Z debug
[InspectorProxyWorker] SEND TO RUNTIME {"method":"Debugger.enable","id":100000002}
---

--- 2026-06-16T20:05:49.471Z debug
[InspectorProxyWorker] SEND TO RUNTIME {"method":"Network.enable","id":100000003}
---

--- 2026-06-16T20:05:49.473Z debug
[InspectorProxyWorker] RUNTIME INCOMING MESSAGE { id: 100000001, result: {} }
---

--- 2026-06-16T20:05:49.474Z debug
[InspectorProxyWorker] RUNTIME INCOMING MESSAGE {
  method: 'Debugger.scriptParsed',
  params: {
    scriptId: '3',
    url: 'file:///C:/Users/sewer/Documents/New%20project%202/pandazen-web-gtp/.wrangler/tmp/dev-oC4yzy/functionsWorker-0.02141303322756971.js',
    startLine: 0,
    startColumn: 0,
    endLine: 6907,
    endColumn: 145,
    executionContextId: 101100865,
    hash: 'a51808101d0133ff02c33d41a290abaf8e53b0dafa3c7cb513eb0c979d0503fe',
    buildId: '',
    isLiveEdit: false,
    sourceMapURL: 'functionsWorker-0.02141303322756971.js.map',
    hasSourceURL: true,
    isModule: true,
    length: 267855,
    scriptLanguage: 'JavaScript',
    embedderName: 'functionsWorker-0.02141303322756971.js'
  }
}
---

--- 2026-06-16T20:05:49.474Z debug
[InspectorProxyWorker] RUNTIME INCOMING MESSAGE {
  method: 'Debugger.scriptParsed',
  params: {
    scriptId: '4',
    url: 'cloudflare-internal:d1-api',
    startLine: 0,
    startColumn: 0,
    endLine: 390,
    endColumn: 0,
    executionContextId: 101100865,
    hash: 'f4316a8ee94643f57695b89a32ed3b9c709663174472eaaf27b74b5813eff99e',
    buildId: '',
    isLiveEdit: false,
    sourceMapURL: '',
    hasSourceURL: false,
    isModule: true,
    length: 15076,
    scriptLanguage: 'JavaScript',
    embedderName: 'cloudflare-internal:d1-api'
  }
}
---

--- 2026-06-16T20:05:49.475Z debug
[InspectorProxyWorker] RUNTIME INCOMING MESSAGE {
  id: 100000002,
  result: { debuggerId: '-7359232851366340661.-7190162722836375240' }
}
---

--- 2026-06-16T20:05:49.475Z debug
[InspectorProxyWorker] RUNTIME INCOMING MESSAGE { id: 100000003, method: 'Network.enable', result: {} }
---

--- 2026-06-16T20:05:49.475Z debug
[InspectorProxyWorker] RUNTIME INCOMING MESSAGE {
  method: 'Runtime.executionContextCreated',
  params: {
    context: {
      id: 101100865,
      origin: '',
      name: 'Worker',
      uniqueId: '1992023404222283288.2429793934787339776'
    }
  }
}
---

--- 2026-06-16T20:05:59.469Z debug
[InspectorProxyWorker] SEND TO RUNTIME {"method":"Runtime.getIsolateId","id":100000004}
---

--- 2026-06-16T20:05:59.470Z debug
[InspectorProxyWorker] RUNTIME INCOMING MESSAGE { id: 100000004, result: { id: 'ceb39964c9157a25' } }
---

--- 2026-06-16T20:06:09.468Z debug
[InspectorProxyWorker] RUNTIME INCOMING MESSAGE { id: 100000005, result: { id: 'ceb39964c9157a25' } }
---

--- 2026-06-16T20:06:09.468Z debug
[InspectorProxyWorker] SEND TO RUNTIME {"method":"Runtime.getIsolateId","id":100000005}
---

--- 2026-06-16T20:06:19.468Z debug
[InspectorProxyWorker] SEND TO RUNTIME {"method":"Runtime.getIsolateId","id":100000006}
---

--- 2026-06-16T20:06:19.469Z debug
[InspectorProxyWorker] RUNTIME INCOMING MESSAGE { id: 100000006, result: { id: 'ceb39964c9157a25' } }
---

--- 2026-06-16T20:06:29.478Z debug
[InspectorProxyWorker] SEND TO RUNTIME {"method":"Runtime.getIsolateId","id":100000007}
---

--- 2026-06-16T20:06:29.479Z debug
[InspectorProxyWorker] RUNTIME INCOMING MESSAGE { id: 100000007, result: { id: 'ceb39964c9157a25' } }
---

--- 2026-06-16T20:06:39.481Z debug
[InspectorProxyWorker] RUNTIME INCOMING MESSAGE { id: 100000008, result: { id: 'ceb39964c9157a25' } }
---

--- 2026-06-16T20:06:39.481Z debug
[InspectorProxyWorker] SEND TO RUNTIME {"method":"Runtime.getIsolateId","id":100000008}
---

--- 2026-06-16T20:06:49.480Z debug
[InspectorProxyWorker] SEND TO RUNTIME {"method":"Runtime.getIsolateId","id":100000009}
---

--- 2026-06-16T20:06:49.480Z debug
[InspectorProxyWorker] RUNTIME INCOMING MESSAGE { id: 100000009, result: { id: 'ceb39964c9157a25' } }
---

--- 2026-06-16T20:06:59.471Z debug
[InspectorProxyWorker] SEND TO RUNTIME {"method":"Runtime.getIsolateId","id":100000010}
---

--- 2026-06-16T20:06:59.472Z debug
[InspectorProxyWorker] RUNTIME INCOMING MESSAGE { id: 100000010, result: { id: 'ceb39964c9157a25' } }
---

--- 2026-06-16T20:07:09.482Z debug
[InspectorProxyWorker] SEND TO RUNTIME {"method":"Runtime.getIsolateId","id":100000011}
---

--- 2026-06-16T20:07:09.482Z debug
[InspectorProxyWorker] RUNTIME INCOMING MESSAGE { id: 100000011, result: { id: 'ceb39964c9157a25' } }
---

--- 2026-06-16T20:07:19.471Z debug
[InspectorProxyWorker] RUNTIME INCOMING MESSAGE { id: 100000012, result: { id: 'ceb39964c9157a25' } }
---

--- 2026-06-16T20:07:19.471Z debug
[InspectorProxyWorker] SEND TO RUNTIME {"method":"Runtime.getIsolateId","id":100000012}
---

--- 2026-06-16T20:07:29.483Z debug
[InspectorProxyWorker] SEND TO RUNTIME {"method":"Runtime.getIsolateId","id":100000013}
---

--- 2026-06-16T20:07:29.484Z debug
[InspectorProxyWorker] RUNTIME INCOMING MESSAGE { id: 100000013, result: { id: 'ceb39964c9157a25' } }
---

--- 2026-06-16T20:07:39.473Z debug
[InspectorProxyWorker] RUNTIME INCOMING MESSAGE { id: 100000014, result: { id: 'ceb39964c9157a25' } }
---

--- 2026-06-16T20:07:39.474Z debug
[InspectorProxyWorker] SEND TO RUNTIME {"method":"Runtime.getIsolateId","id":100000014}
---

--- 2026-06-16T20:07:49.481Z debug
[InspectorProxyWorker] SEND TO RUNTIME {"method":"Runtime.getIsolateId","id":100000015}
---

--- 2026-06-16T20:07:49.482Z debug
[InspectorProxyWorker] RUNTIME INCOMING MESSAGE { id: 100000015, result: { id: 'ceb39964c9157a25' } }
---

--- 2026-06-16T20:07:59.478Z debug
[InspectorProxyWorker] SEND TO RUNTIME {"method":"Runtime.getIsolateId","id":100000016}
---

--- 2026-06-16T20:07:59.478Z debug
[InspectorProxyWorker] RUNTIME INCOMING MESSAGE { id: 100000016, result: { id: 'ceb39964c9157a25' } }
---

--- 2026-06-16T20:08:09.478Z debug
[InspectorProxyWorker] RUNTIME INCOMING MESSAGE { id: 100000017, result: { id: 'ceb39964c9157a25' } }
---

--- 2026-06-16T20:08:09.479Z debug
[InspectorProxyWorker] SEND TO RUNTIME {"method":"Runtime.getIsolateId","id":100000017}
---

--- 2026-06-16T20:08:19.467Z debug
[InspectorProxyWorker] RUNTIME INCOMING MESSAGE { id: 100000018, result: { id: 'ceb39964c9157a25' } }
---

--- 2026-06-16T20:08:19.467Z debug
[InspectorProxyWorker] SEND TO RUNTIME {"method":"Runtime.getIsolateId","id":100000018}
---

--- 2026-06-16T20:08:29.472Z debug
[InspectorProxyWorker] SEND TO RUNTIME {"method":"Runtime.getIsolateId","id":100000019}
---

--- 2026-06-16T20:08:29.472Z debug
[InspectorProxyWorker] RUNTIME INCOMING MESSAGE { id: 100000019, result: { id: 'ceb39964c9157a25' } }
---

--- 2026-06-16T20:08:39.477Z debug
[InspectorProxyWorker] RUNTIME INCOMING MESSAGE { id: 100000020, result: { id: 'ceb39964c9157a25' } }
---

--- 2026-06-16T20:08:39.477Z debug
[InspectorProxyWorker] SEND TO RUNTIME {"method":"Runtime.getIsolateId","id":100000020}
---

--- 2026-06-16T20:08:49.478Z debug
[InspectorProxyWorker] SEND TO RUNTIME {"method":"Runtime.getIsolateId","id":100000021}
---

--- 2026-06-16T20:08:49.478Z debug
[InspectorProxyWorker] RUNTIME INCOMING MESSAGE { id: 100000021, result: { id: 'ceb39964c9157a25' } }
---

--- 2026-06-16T20:08:59.481Z debug
[InspectorProxyWorker] RUNTIME INCOMING MESSAGE { id: 100000022, result: { id: 'ceb39964c9157a25' } }
---

--- 2026-06-16T20:08:59.482Z debug
[InspectorProxyWorker] SEND TO RUNTIME {"method":"Runtime.getIsolateId","id":100000022}
---

--- 2026-06-16T20:09:09.468Z debug
[InspectorProxyWorker] RUNTIME INCOMING MESSAGE { id: 100000023, result: { id: 'ceb39964c9157a25' } }
---

--- 2026-06-16T20:09:09.469Z debug
[InspectorProxyWorker] SEND TO RUNTIME {"method":"Runtime.getIsolateId","id":100000023}
---

--- 2026-06-16T20:09:19.470Z debug
[InspectorProxyWorker] SEND TO RUNTIME {"method":"Runtime.getIsolateId","id":100000024}
---

--- 2026-06-16T20:09:19.471Z debug
[InspectorProxyWorker] RUNTIME INCOMING MESSAGE { id: 100000024, result: { id: 'ceb39964c9157a25' } }
---

--- 2026-06-16T20:09:29.477Z debug
[InspectorProxyWorker] RUNTIME INCOMING MESSAGE { id: 100000025, result: { id: 'ceb39964c9157a25' } }
---

--- 2026-06-16T20:09:29.477Z debug
[InspectorProxyWorker] SEND TO RUNTIME {"method":"Runtime.getIsolateId","id":100000025}
---

--- 2026-06-16T20:09:39.478Z debug
[InspectorProxyWorker] RUNTIME INCOMING MESSAGE { id: 100000026, result: { id: 'ceb39964c9157a25' } }
---

--- 2026-06-16T20:09:39.478Z debug
[InspectorProxyWorker] SEND TO RUNTIME {"method":"Runtime.getIsolateId","id":100000026}
---

--- 2026-06-16T20:09:49.474Z debug
[InspectorProxyWorker] RUNTIME INCOMING MESSAGE { id: 100000027, result: { id: 'ceb39964c9157a25' } }
---

--- 2026-06-16T20:09:49.476Z debug
[InspectorProxyWorker] SEND TO RUNTIME {"method":"Runtime.getIsolateId","id":100000027}
---

--- 2026-06-16T20:09:59.475Z debug
[InspectorProxyWorker] RUNTIME INCOMING MESSAGE { id: 100000028, result: { id: 'ceb39964c9157a25' } }
---

--- 2026-06-16T20:09:59.476Z debug
[InspectorProxyWorker] SEND TO RUNTIME {"method":"Runtime.getIsolateId","id":100000028}
---

--- 2026-06-16T20:10:09.476Z debug
[InspectorProxyWorker] SEND TO RUNTIME {"method":"Runtime.getIsolateId","id":100000029}
---

--- 2026-06-16T20:10:09.477Z debug
[InspectorProxyWorker] RUNTIME INCOMING MESSAGE { id: 100000029, result: { id: 'ceb39964c9157a25' } }
---

--- 2026-06-16T20:10:19.476Z debug
[InspectorProxyWorker] SEND TO RUNTIME {"method":"Runtime.getIsolateId","id":100000030}
---

--- 2026-06-16T20:10:19.477Z debug
[InspectorProxyWorker] RUNTIME INCOMING MESSAGE { id: 100000030, result: { id: 'ceb39964c9157a25' } }
---

--- 2026-06-16T20:10:29.481Z debug
[InspectorProxyWorker] RUNTIME INCOMING MESSAGE { id: 100000031, result: { id: 'ceb39964c9157a25' } }
---

--- 2026-06-16T20:10:29.481Z debug
[InspectorProxyWorker] SEND TO RUNTIME {"method":"Runtime.getIsolateId","id":100000031}
---

--- 2026-06-16T20:10:39.470Z debug
[InspectorProxyWorker] SEND TO RUNTIME {"method":"Runtime.getIsolateId","id":100000032}
---

--- 2026-06-16T20:10:39.471Z debug
[InspectorProxyWorker] RUNTIME INCOMING MESSAGE { id: 100000032, result: { id: 'ceb39964c9157a25' } }
---

--- 2026-06-16T20:10:49.478Z debug
[InspectorProxyWorker] SEND TO RUNTIME {"method":"Runtime.getIsolateId","id":100000033}
---

--- 2026-06-16T20:10:49.479Z debug
[InspectorProxyWorker] RUNTIME INCOMING MESSAGE { id: 100000033, result: { id: 'ceb39964c9157a25' } }
---

--- 2026-06-16T20:10:59.480Z debug
[InspectorProxyWorker] SEND TO RUNTIME {"method":"Runtime.getIsolateId","id":100000034}
---

--- 2026-06-16T20:10:59.481Z debug
[InspectorProxyWorker] RUNTIME INCOMING MESSAGE { id: 100000034, result: { id: 'ceb39964c9157a25' } }
---

--- 2026-06-16T20:11:09.468Z debug
[InspectorProxyWorker] SEND TO RUNTIME {"method":"Runtime.getIsolateId","id":100000035}
---

--- 2026-06-16T20:11:09.469Z debug
[InspectorProxyWorker] RUNTIME INCOMING MESSAGE { id: 100000035, result: { id: 'ceb39964c9157a25' } }
---

--- 2026-06-16T20:11:19.482Z debug
[InspectorProxyWorker] SEND TO RUNTIME {"method":"Runtime.getIsolateId","id":100000036}
---

--- 2026-06-16T20:11:19.484Z debug
[InspectorProxyWorker] RUNTIME INCOMING MESSAGE { id: 100000036, result: { id: 'ceb39964c9157a25' } }
---

--- 2026-06-16T20:11:29.468Z debug
[InspectorProxyWorker] RUNTIME INCOMING MESSAGE { id: 100000037, result: { id: 'ceb39964c9157a25' } }
---

--- 2026-06-16T20:11:29.469Z debug
[InspectorProxyWorker] SEND TO RUNTIME {"method":"Runtime.getIsolateId","id":100000037}
---

--- 2026-06-16T20:11:39.468Z debug
[InspectorProxyWorker] RUNTIME INCOMING MESSAGE { id: 100000038, result: { id: 'ceb39964c9157a25' } }
---

--- 2026-06-16T20:11:39.469Z debug
[InspectorProxyWorker] SEND TO RUNTIME {"method":"Runtime.getIsolateId","id":100000038}
---

--- 2026-06-16T20:11:49.468Z debug
[InspectorProxyWorker] RUNTIME INCOMING MESSAGE { id: 100000039, result: { id: 'ceb39964c9157a25' } }
---

--- 2026-06-16T20:11:49.469Z debug
[InspectorProxyWorker] SEND TO RUNTIME {"method":"Runtime.getIsolateId","id":100000039}
---

--- 2026-06-16T20:11:59.474Z debug
[InspectorProxyWorker] SEND TO RUNTIME {"method":"Runtime.getIsolateId","id":100000040}
---

--- 2026-06-16T20:11:59.475Z debug
[InspectorProxyWorker] RUNTIME INCOMING MESSAGE { id: 100000040, result: { id: 'ceb39964c9157a25' } }
---

--- 2026-06-16T20:12:09.472Z debug
[InspectorProxyWorker] RUNTIME INCOMING MESSAGE { id: 100000041, result: { id: 'ceb39964c9157a25' } }
---

--- 2026-06-16T20:12:09.472Z debug
[InspectorProxyWorker] SEND TO RUNTIME {"method":"Runtime.getIsolateId","id":100000041}
---

--- 2026-06-16T20:12:19.482Z debug
[InspectorProxyWorker] SEND TO RUNTIME {"method":"Runtime.getIsolateId","id":100000042}
---

--- 2026-06-16T20:12:19.482Z debug
[InspectorProxyWorker] RUNTIME INCOMING MESSAGE { id: 100000042, result: { id: 'ceb39964c9157a25' } }
---

--- 2026-06-16T20:12:29.472Z debug
[InspectorProxyWorker] SEND TO RUNTIME {"method":"Runtime.getIsolateId","id":100000043}
---

--- 2026-06-16T20:12:29.472Z debug
[InspectorProxyWorker] RUNTIME INCOMING MESSAGE { id: 100000043, result: { id: 'ceb39964c9157a25' } }
---

--- 2026-06-16T20:12:39.467Z debug
[InspectorProxyWorker] SEND TO RUNTIME {"method":"Runtime.getIsolateId","id":100000044}
---

--- 2026-06-16T20:12:39.467Z debug
[InspectorProxyWorker] RUNTIME INCOMING MESSAGE { id: 100000044, result: { id: 'ceb39964c9157a25' } }
---

--- 2026-06-16T20:12:49.473Z debug
[InspectorProxyWorker] RUNTIME INCOMING MESSAGE { id: 100000045, result: { id: 'ceb39964c9157a25' } }
---

--- 2026-06-16T20:12:49.474Z debug
[InspectorProxyWorker] SEND TO RUNTIME {"method":"Runtime.getIsolateId","id":100000045}
---

--- 2026-06-16T20:12:59.473Z debug
[InspectorProxyWorker] SEND TO RUNTIME {"method":"Runtime.getIsolateId","id":100000046}
---

--- 2026-06-16T20:12:59.474Z debug
[InspectorProxyWorker] RUNTIME INCOMING MESSAGE { id: 100000046, result: { id: 'ceb39964c9157a25' } }
---

--- 2026-06-16T20:13:09.480Z debug
[InspectorProxyWorker] RUNTIME INCOMING MESSAGE { id: 100000047, result: { id: 'ceb39964c9157a25' } }
---

--- 2026-06-16T20:13:09.481Z debug
[InspectorProxyWorker] SEND TO RUNTIME {"method":"Runtime.getIsolateId","id":100000047}
---

--- 2026-06-16T20:13:19.476Z debug
[InspectorProxyWorker] RUNTIME INCOMING MESSAGE { id: 100000048, result: { id: 'ceb39964c9157a25' } }
---

--- 2026-06-16T20:13:19.477Z debug
[InspectorProxyWorker] SEND TO RUNTIME {"method":"Runtime.getIsolateId","id":100000048}
---

--- 2026-06-16T20:13:29.474Z debug
[InspectorProxyWorker] SEND TO RUNTIME {"method":"Runtime.getIsolateId","id":100000049}
---

--- 2026-06-16T20:13:29.474Z debug
[InspectorProxyWorker] RUNTIME INCOMING MESSAGE { id: 100000049, result: { id: 'ceb39964c9157a25' } }
---

--- 2026-06-16T20:13:39.468Z debug
[InspectorProxyWorker] SEND TO RUNTIME {"method":"Runtime.getIsolateId","id":100000050}
---

--- 2026-06-16T20:13:39.469Z debug
[InspectorProxyWorker] RUNTIME INCOMING MESSAGE { id: 100000050, result: { id: 'ceb39964c9157a25' } }
---

--- 2026-06-16T20:13:49.479Z debug
[InspectorProxyWorker] SEND TO RUNTIME {"method":"Runtime.getIsolateId","id":100000051}
---

--- 2026-06-16T20:13:49.479Z debug
[InspectorProxyWorker] RUNTIME INCOMING MESSAGE { id: 100000051, result: { id: 'ceb39964c9157a25' } }
---

--- 2026-06-16T20:13:59.474Z debug
[InspectorProxyWorker] SEND TO RUNTIME {"method":"Runtime.getIsolateId","id":100000052}
---

--- 2026-06-16T20:13:59.475Z debug
[InspectorProxyWorker] RUNTIME INCOMING MESSAGE { id: 100000052, result: { id: 'ceb39964c9157a25' } }
---

--- 2026-06-16T20:14:09.479Z debug
[InspectorProxyWorker] RUNTIME INCOMING MESSAGE { id: 100000053, result: { id: 'ceb39964c9157a25' } }
---

--- 2026-06-16T20:14:09.479Z debug
[InspectorProxyWorker] SEND TO RUNTIME {"method":"Runtime.getIsolateId","id":100000053}
---

--- 2026-06-16T20:14:19.480Z debug
[InspectorProxyWorker] SEND TO RUNTIME {"method":"Runtime.getIsolateId","id":100000054}
---

--- 2026-06-16T20:14:19.481Z debug
[InspectorProxyWorker] RUNTIME INCOMING MESSAGE { id: 100000054, result: { id: 'ceb39964c9157a25' } }
---

--- 2026-06-16T20:14:29.473Z debug
[InspectorProxyWorker] RUNTIME INCOMING MESSAGE { id: 100000055, result: { id: 'ceb39964c9157a25' } }
---

--- 2026-06-16T20:14:29.473Z debug
[InspectorProxyWorker] SEND TO RUNTIME {"method":"Runtime.getIsolateId","id":100000055}
---

--- 2026-06-16T20:14:39.479Z debug
[InspectorProxyWorker] RUNTIME INCOMING MESSAGE { id: 100000056, result: { id: 'ceb39964c9157a25' } }
---

--- 2026-06-16T20:14:39.480Z debug
[InspectorProxyWorker] SEND TO RUNTIME {"method":"Runtime.getIsolateId","id":100000056}
---

--- 2026-06-16T20:14:49.486Z debug
[InspectorProxyWorker] RUNTIME INCOMING MESSAGE { id: 100000057, result: { id: 'ceb39964c9157a25' } }
---

--- 2026-06-16T20:14:49.488Z debug
[InspectorProxyWorker] SEND TO RUNTIME {"method":"Runtime.getIsolateId","id":100000057}
---

--- 2026-06-16T20:14:59.468Z debug
[InspectorProxyWorker] RUNTIME INCOMING MESSAGE { id: 100000058, result: { id: 'ceb39964c9157a25' } }
---

--- 2026-06-16T20:14:59.469Z debug
[InspectorProxyWorker] SEND TO RUNTIME {"method":"Runtime.getIsolateId","id":100000058}
---

--- 2026-06-16T20:15:09.468Z debug
[InspectorProxyWorker] RUNTIME INCOMING MESSAGE { id: 100000059, result: { id: 'ceb39964c9157a25' } }
---

--- 2026-06-16T20:15:09.469Z debug
[InspectorProxyWorker] SEND TO RUNTIME {"method":"Runtime.getIsolateId","id":100000059}
---

--- 2026-06-16T20:15:19.480Z debug
[InspectorProxyWorker] RUNTIME INCOMING MESSAGE { id: 100000060, result: { id: 'ceb39964c9157a25' } }
---

--- 2026-06-16T20:15:19.481Z debug
[InspectorProxyWorker] SEND TO RUNTIME {"method":"Runtime.getIsolateId","id":100000060}
---

--- 2026-06-16T20:15:29.482Z debug
[InspectorProxyWorker] RUNTIME INCOMING MESSAGE { id: 100000061, result: { id: 'ceb39964c9157a25' } }
---

--- 2026-06-16T20:15:29.483Z debug
[InspectorProxyWorker] SEND TO RUNTIME {"method":"Runtime.getIsolateId","id":100000061}
---

--- 2026-06-16T20:15:39.474Z debug
[InspectorProxyWorker] RUNTIME INCOMING MESSAGE { id: 100000062, result: { id: 'ceb39964c9157a25' } }
---

--- 2026-06-16T20:15:39.474Z debug
[InspectorProxyWorker] SEND TO RUNTIME {"method":"Runtime.getIsolateId","id":100000062}
---

--- 2026-06-16T20:15:49.470Z debug
[InspectorProxyWorker] RUNTIME INCOMING MESSAGE { id: 100000063, result: { id: 'ceb39964c9157a25' } }
---

--- 2026-06-16T20:15:49.471Z debug
[InspectorProxyWorker] SEND TO RUNTIME {"method":"Runtime.getIsolateId","id":100000063}
---

--- 2026-06-16T20:15:59.470Z debug
[InspectorProxyWorker] RUNTIME INCOMING MESSAGE { id: 100000064, result: { id: 'ceb39964c9157a25' } }
---

--- 2026-06-16T20:15:59.470Z debug
[InspectorProxyWorker] SEND TO RUNTIME {"method":"Runtime.getIsolateId","id":100000064}
---

--- 2026-06-16T20:16:09.479Z debug
[InspectorProxyWorker] RUNTIME INCOMING MESSAGE { id: 100000065, result: { id: 'ceb39964c9157a25' } }
---

--- 2026-06-16T20:16:09.480Z debug
[InspectorProxyWorker] SEND TO RUNTIME {"method":"Runtime.getIsolateId","id":100000065}
---

--- 2026-06-16T20:16:19.481Z debug
[InspectorProxyWorker] SEND TO RUNTIME {"method":"Runtime.getIsolateId","id":100000066}
---

--- 2026-06-16T20:16:19.482Z debug
[InspectorProxyWorker] RUNTIME INCOMING MESSAGE { id: 100000066, result: { id: 'ceb39964c9157a25' } }
---

--- 2026-06-16T20:16:29.473Z debug
[InspectorProxyWorker] SEND TO RUNTIME {"method":"Runtime.getIsolateId","id":100000067}
---

--- 2026-06-16T20:16:29.474Z debug
[InspectorProxyWorker] RUNTIME INCOMING MESSAGE { id: 100000067, result: { id: 'ceb39964c9157a25' } }
---

--- 2026-06-16T20:16:39.471Z debug
[InspectorProxyWorker] RUNTIME INCOMING MESSAGE { id: 100000068, result: { id: 'ceb39964c9157a25' } }
---

--- 2026-06-16T20:16:39.472Z debug
[InspectorProxyWorker] SEND TO RUNTIME {"method":"Runtime.getIsolateId","id":100000068}
---

--- 2026-06-16T20:16:49.476Z debug
[InspectorProxyWorker] SEND TO RUNTIME {"method":"Runtime.getIsolateId","id":100000069}
---

--- 2026-06-16T20:16:49.477Z debug
[InspectorProxyWorker] RUNTIME INCOMING MESSAGE { id: 100000069, result: { id: 'ceb39964c9157a25' } }
---

--- 2026-06-16T20:16:59.471Z debug
[InspectorProxyWorker] SEND TO RUNTIME {"method":"Runtime.getIsolateId","id":100000070}
---

--- 2026-06-16T20:16:59.472Z debug
[InspectorProxyWorker] RUNTIME INCOMING MESSAGE { id: 100000070, result: { id: 'ceb39964c9157a25' } }
---

--- 2026-06-16T20:17:09.480Z debug
[InspectorProxyWorker] SEND TO RUNTIME {"method":"Runtime.getIsolateId","id":100000071}
---

--- 2026-06-16T20:17:09.480Z debug
[InspectorProxyWorker] RUNTIME INCOMING MESSAGE { id: 100000071, result: { id: 'ceb39964c9157a25' } }
---

--- 2026-06-16T20:17:19.478Z debug
[InspectorProxyWorker] SEND TO RUNTIME {"method":"Runtime.getIsolateId","id":100000072}
---

--- 2026-06-16T20:17:19.478Z debug
[InspectorProxyWorker] RUNTIME INCOMING MESSAGE { id: 100000072, result: { id: 'ceb39964c9157a25' } }
---

--- 2026-06-16T20:17:29.481Z debug
[InspectorProxyWorker] RUNTIME INCOMING MESSAGE { id: 100000073, result: { id: 'ceb39964c9157a25' } }
---

--- 2026-06-16T20:17:29.482Z debug
[InspectorProxyWorker] SEND TO RUNTIME {"method":"Runtime.getIsolateId","id":100000073}
---

--- 2026-06-16T20:17:39.475Z debug
[InspectorProxyWorker] RUNTIME INCOMING MESSAGE { id: 100000074, result: { id: 'ceb39964c9157a25' } }
---

--- 2026-06-16T20:17:39.475Z debug
[InspectorProxyWorker] SEND TO RUNTIME {"method":"Runtime.getIsolateId","id":100000074}
---

--- 2026-06-16T20:17:49.467Z debug
[InspectorProxyWorker] RUNTIME INCOMING MESSAGE { id: 100000075, result: { id: 'ceb39964c9157a25' } }
---

--- 2026-06-16T20:17:49.467Z debug
[InspectorProxyWorker] SEND TO RUNTIME {"method":"Runtime.getIsolateId","id":100000075}
---

--- 2026-06-16T20:17:59.481Z debug
[InspectorProxyWorker] RUNTIME INCOMING MESSAGE { id: 100000076, result: { id: 'ceb39964c9157a25' } }
---

--- 2026-06-16T20:17:59.482Z debug
[InspectorProxyWorker] SEND TO RUNTIME {"method":"Runtime.getIsolateId","id":100000076}
---

--- 2026-06-16T20:18:09.477Z debug
[InspectorProxyWorker] SEND TO RUNTIME {"method":"Runtime.getIsolateId","id":100000077}
---

--- 2026-06-16T20:18:09.478Z debug
[InspectorProxyWorker] RUNTIME INCOMING MESSAGE { id: 100000077, result: { id: 'ceb39964c9157a25' } }
---

--- 2026-06-16T20:18:19.477Z debug
[InspectorProxyWorker] RUNTIME INCOMING MESSAGE { id: 100000078, result: { id: 'ceb39964c9157a25' } }
---

--- 2026-06-16T20:18:19.478Z debug
[InspectorProxyWorker] SEND TO RUNTIME {"method":"Runtime.getIsolateId","id":100000078}
---

--- 2026-06-16T20:18:29.477Z debug
[InspectorProxyWorker] SEND TO RUNTIME {"method":"Runtime.getIsolateId","id":100000079}
---

--- 2026-06-16T20:18:29.477Z debug
[InspectorProxyWorker] RUNTIME INCOMING MESSAGE { id: 100000079, result: { id: 'ceb39964c9157a25' } }
---

--- 2026-06-16T20:18:39.468Z debug
[InspectorProxyWorker] SEND TO RUNTIME {"method":"Runtime.getIsolateId","id":100000080}
---

--- 2026-06-16T20:18:39.469Z debug
[InspectorProxyWorker] RUNTIME INCOMING MESSAGE { id: 100000080, result: { id: 'ceb39964c9157a25' } }
---

--- 2026-06-16T20:18:49.467Z debug
[InspectorProxyWorker] SEND TO RUNTIME {"method":"Runtime.getIsolateId","id":100000081}
---

--- 2026-06-16T20:18:49.467Z debug
[InspectorProxyWorker] RUNTIME INCOMING MESSAGE { id: 100000081, result: { id: 'ceb39964c9157a25' } }
---

--- 2026-06-16T20:18:59.472Z debug
[InspectorProxyWorker] RUNTIME INCOMING MESSAGE { id: 100000082, result: { id: 'ceb39964c9157a25' } }
---

--- 2026-06-16T20:18:59.472Z debug
[InspectorProxyWorker] SEND TO RUNTIME {"method":"Runtime.getIsolateId","id":100000082}
---

--- 2026-06-16T20:19:09.476Z debug
[InspectorProxyWorker] RUNTIME INCOMING MESSAGE { id: 100000083, result: { id: 'ceb39964c9157a25' } }
---

--- 2026-06-16T20:19:09.476Z debug
[InspectorProxyWorker] SEND TO RUNTIME {"method":"Runtime.getIsolateId","id":100000083}
---

--- 2026-06-16T20:19:19.482Z debug
[InspectorProxyWorker] SEND TO RUNTIME {"method":"Runtime.getIsolateId","id":100000084}
---

--- 2026-06-16T20:19:19.483Z debug
[InspectorProxyWorker] RUNTIME INCOMING MESSAGE { id: 100000084, result: { id: 'ceb39964c9157a25' } }
---

--- 2026-06-16T20:19:29.472Z debug
[InspectorProxyWorker] SEND TO RUNTIME {"method":"Runtime.getIsolateId","id":100000085}
---

--- 2026-06-16T20:19:29.472Z debug
[InspectorProxyWorker] RUNTIME INCOMING MESSAGE { id: 100000085, result: { id: 'ceb39964c9157a25' } }
---

--- 2026-06-16T20:19:39.473Z debug
[InspectorProxyWorker] RUNTIME INCOMING MESSAGE { id: 100000086, result: { id: 'ceb39964c9157a25' } }
---

--- 2026-06-16T20:19:39.473Z debug
[InspectorProxyWorker] SEND TO RUNTIME {"method":"Runtime.getIsolateId","id":100000086}
---

--- 2026-06-16T20:19:49.470Z debug
[InspectorProxyWorker] SEND TO RUNTIME {"method":"Runtime.getIsolateId","id":100000087}
---

--- 2026-06-16T20:19:49.471Z debug
[InspectorProxyWorker] RUNTIME INCOMING MESSAGE { id: 100000087, result: { id: 'ceb39964c9157a25' } }
---

--- 2026-06-16T20:19:59.475Z debug
[InspectorProxyWorker] RUNTIME INCOMING MESSAGE { id: 100000088, result: { id: 'ceb39964c9157a25' } }
---

--- 2026-06-16T20:19:59.476Z debug
[InspectorProxyWorker] SEND TO RUNTIME {"method":"Runtime.getIsolateId","id":100000088}
---

--- 2026-06-16T20:20:09.472Z debug
[InspectorProxyWorker] SEND TO RUNTIME {"method":"Runtime.getIsolateId","id":100000089}
---

--- 2026-06-16T20:20:09.472Z debug
[InspectorProxyWorker] RUNTIME INCOMING MESSAGE { id: 100000089, result: { id: 'ceb39964c9157a25' } }
---

--- 2026-06-16T20:20:19.480Z debug
[InspectorProxyWorker] SEND TO RUNTIME {"method":"Runtime.getIsolateId","id":100000090}
---

--- 2026-06-16T20:20:19.480Z debug
[InspectorProxyWorker] RUNTIME INCOMING MESSAGE { id: 100000090, result: { id: 'ceb39964c9157a25' } }
---

--- 2026-06-16T20:20:29.475Z debug
[InspectorProxyWorker] SEND TO RUNTIME {"method":"Runtime.getIsolateId","id":100000091}
---

--- 2026-06-16T20:20:29.475Z debug
[InspectorProxyWorker] RUNTIME INCOMING MESSAGE { id: 100000091, result: { id: 'ceb39964c9157a25' } }
---

--- 2026-06-16T20:20:39.468Z debug
[InspectorProxyWorker] RUNTIME INCOMING MESSAGE { id: 100000092, result: { id: 'ceb39964c9157a25' } }
---

--- 2026-06-16T20:20:39.468Z debug
[InspectorProxyWorker] SEND TO RUNTIME {"method":"Runtime.getIsolateId","id":100000092}
---

--- 2026-06-16T20:20:49.476Z debug
[InspectorProxyWorker] RUNTIME INCOMING MESSAGE { id: 100000093, result: { id: 'ceb39964c9157a25' } }
---

--- 2026-06-16T20:20:49.477Z debug
[InspectorProxyWorker] SEND TO RUNTIME {"method":"Runtime.getIsolateId","id":100000093}
---

--- 2026-06-16T20:20:59.478Z debug
[InspectorProxyWorker] RUNTIME INCOMING MESSAGE { id: 100000094, result: { id: 'ceb39964c9157a25' } }
---

--- 2026-06-16T20:20:59.479Z debug
[InspectorProxyWorker] SEND TO RUNTIME {"method":"Runtime.getIsolateId","id":100000094}
---

--- 2026-06-16T20:21:09.470Z debug
[InspectorProxyWorker] RUNTIME INCOMING MESSAGE { id: 100000095, result: { id: 'ceb39964c9157a25' } }
---

--- 2026-06-16T20:21:09.470Z debug
[InspectorProxyWorker] SEND TO RUNTIME {"method":"Runtime.getIsolateId","id":100000095}
---

--- 2026-06-16T20:21:19.477Z debug
[InspectorProxyWorker] RUNTIME INCOMING MESSAGE { id: 100000096, result: { id: 'ceb39964c9157a25' } }
---

--- 2026-06-16T20:21:19.478Z debug
[InspectorProxyWorker] SEND TO RUNTIME {"method":"Runtime.getIsolateId","id":100000096}
---

--- 2026-06-16T20:21:29.477Z debug
[InspectorProxyWorker] RUNTIME INCOMING MESSAGE { id: 100000097, result: { id: 'ceb39964c9157a25' } }
---

--- 2026-06-16T20:21:29.477Z debug
[InspectorProxyWorker] SEND TO RUNTIME {"method":"Runtime.getIsolateId","id":100000097}
---

--- 2026-06-16T20:21:39.473Z debug
[InspectorProxyWorker] SEND TO RUNTIME {"method":"Runtime.getIsolateId","id":100000098}
---

--- 2026-06-16T20:21:39.474Z debug
[InspectorProxyWorker] RUNTIME INCOMING MESSAGE { id: 100000098, result: { id: 'ceb39964c9157a25' } }
---

--- 2026-06-16T20:21:49.484Z debug
[InspectorProxyWorker] RUNTIME INCOMING MESSAGE { id: 100000099, result: { id: 'ceb39964c9157a25' } }
---

--- 2026-06-16T20:21:49.485Z debug
[InspectorProxyWorker] SEND TO RUNTIME {"method":"Runtime.getIsolateId","id":100000099}
---

--- 2026-06-16T20:21:59.468Z debug
[InspectorProxyWorker] RUNTIME INCOMING MESSAGE { id: 100000100, result: { id: 'ceb39964c9157a25' } }
---

--- 2026-06-16T20:21:59.469Z debug
[InspectorProxyWorker] SEND TO RUNTIME {"method":"Runtime.getIsolateId","id":100000100}
---

--- 2026-06-16T20:22:09.472Z debug
[InspectorProxyWorker] RUNTIME INCOMING MESSAGE { id: 100000101, result: { id: 'ceb39964c9157a25' } }
---

--- 2026-06-16T20:22:09.472Z debug
[InspectorProxyWorker] SEND TO RUNTIME {"method":"Runtime.getIsolateId","id":100000101}
---

--- 2026-06-16T20:22:19.477Z debug
[InspectorProxyWorker] RUNTIME INCOMING MESSAGE { id: 100000102, result: { id: 'ceb39964c9157a25' } }
---

--- 2026-06-16T20:22:19.478Z debug
[InspectorProxyWorker] SEND TO RUNTIME {"method":"Runtime.getIsolateId","id":100000102}
---

--- 2026-06-16T20:22:29.468Z debug
[InspectorProxyWorker] RUNTIME INCOMING MESSAGE { id: 100000103, result: { id: 'ceb39964c9157a25' } }
---

--- 2026-06-16T20:22:29.468Z debug
[InspectorProxyWorker] SEND TO RUNTIME {"method":"Runtime.getIsolateId","id":100000103}
---

--- 2026-06-16T20:22:39.473Z debug
[InspectorProxyWorker] RUNTIME INCOMING MESSAGE { id: 100000104, result: { id: 'ceb39964c9157a25' } }
---

--- 2026-06-16T20:22:39.473Z debug
[InspectorProxyWorker] SEND TO RUNTIME {"method":"Runtime.getIsolateId","id":100000104}
---

--- 2026-06-16T20:22:49.472Z debug
[InspectorProxyWorker] SEND TO RUNTIME {"method":"Runtime.getIsolateId","id":100000105}
---

--- 2026-06-16T20:22:49.472Z debug
[InspectorProxyWorker] RUNTIME INCOMING MESSAGE { id: 100000105, result: { id: 'ceb39964c9157a25' } }
---

--- 2026-06-16T20:22:59.469Z debug
[InspectorProxyWorker] SEND TO RUNTIME {"method":"Runtime.getIsolateId","id":100000106}
---

--- 2026-06-16T20:22:59.471Z debug
[InspectorProxyWorker] RUNTIME INCOMING MESSAGE { id: 100000106, result: { id: 'ceb39964c9157a25' } }
---

--- 2026-06-16T20:23:09.473Z debug
[InspectorProxyWorker] RUNTIME INCOMING MESSAGE { id: 100000107, result: { id: 'ceb39964c9157a25' } }
---

--- 2026-06-16T20:23:09.473Z debug
[InspectorProxyWorker] SEND TO RUNTIME {"method":"Runtime.getIsolateId","id":100000107}
---

--- 2026-06-16T20:23:19.481Z debug
[InspectorProxyWorker] SEND TO RUNTIME {"method":"Runtime.getIsolateId","id":100000108}
---

--- 2026-06-16T20:23:19.481Z debug
[InspectorProxyWorker] RUNTIME INCOMING MESSAGE { id: 100000108, result: { id: 'ceb39964c9157a25' } }
---

--- 2026-06-16T20:23:29.474Z debug
[InspectorProxyWorker] SEND TO RUNTIME {"method":"Runtime.getIsolateId","id":100000109}
---

--- 2026-06-16T20:23:29.475Z debug
[InspectorProxyWorker] RUNTIME INCOMING MESSAGE { id: 100000109, result: { id: 'ceb39964c9157a25' } }
---

--- 2026-06-16T20:23:39.475Z debug
[InspectorProxyWorker] RUNTIME INCOMING MESSAGE { id: 100000110, result: { id: 'ceb39964c9157a25' } }
---

--- 2026-06-16T20:23:39.475Z debug
[InspectorProxyWorker] SEND TO RUNTIME {"method":"Runtime.getIsolateId","id":100000110}
---

--- 2026-06-16T20:23:49.483Z debug
[InspectorProxyWorker] SEND TO RUNTIME {"method":"Runtime.getIsolateId","id":100000111}
---

--- 2026-06-16T20:23:49.484Z debug
[InspectorProxyWorker] RUNTIME INCOMING MESSAGE { id: 100000111, result: { id: 'ceb39964c9157a25' } }
---

--- 2026-06-16T20:23:59.477Z debug
[InspectorProxyWorker] RUNTIME INCOMING MESSAGE { id: 100000112, result: { id: 'ceb39964c9157a25' } }
---

--- 2026-06-16T20:23:59.477Z debug
[InspectorProxyWorker] SEND TO RUNTIME {"method":"Runtime.getIsolateId","id":100000112}
---

--- 2026-06-16T20:24:09.479Z debug
[InspectorProxyWorker] SEND TO RUNTIME {"method":"Runtime.getIsolateId","id":100000113}
---

--- 2026-06-16T20:24:09.480Z debug
[InspectorProxyWorker] RUNTIME INCOMING MESSAGE { id: 100000113, result: { id: 'ceb39964c9157a25' } }
---

--- 2026-06-16T20:24:19.483Z debug
[InspectorProxyWorker] RUNTIME INCOMING MESSAGE { id: 100000114, result: { id: 'ceb39964c9157a25' } }
---

--- 2026-06-16T20:24:19.484Z debug
[InspectorProxyWorker] SEND TO RUNTIME {"method":"Runtime.getIsolateId","id":100000114}
---

--- 2026-06-16T20:24:29.469Z debug
[InspectorProxyWorker] SEND TO RUNTIME {"method":"Runtime.getIsolateId","id":100000115}
---

--- 2026-06-16T20:24:29.469Z debug
[InspectorProxyWorker] RUNTIME INCOMING MESSAGE { id: 100000115, result: { id: 'ceb39964c9157a25' } }
---

--- 2026-06-16T20:24:39.473Z debug
[InspectorProxyWorker] SEND TO RUNTIME {"method":"Runtime.getIsolateId","id":100000116}
---

--- 2026-06-16T20:24:39.473Z debug
[InspectorProxyWorker] RUNTIME INCOMING MESSAGE { id: 100000116, result: { id: 'ceb39964c9157a25' } }
---

--- 2026-06-16T20:24:49.478Z debug
[InspectorProxyWorker] RUNTIME INCOMING MESSAGE { id: 100000117, result: { id: 'ceb39964c9157a25' } }
---

--- 2026-06-16T20:24:49.478Z debug
[InspectorProxyWorker] SEND TO RUNTIME {"method":"Runtime.getIsolateId","id":100000117}
---

--- 2026-06-16T20:24:59.487Z debug
[InspectorProxyWorker] RUNTIME INCOMING MESSAGE { id: 100000118, result: { id: 'ceb39964c9157a25' } }
---

--- 2026-06-16T20:24:59.489Z debug
[InspectorProxyWorker] SEND TO RUNTIME {"method":"Runtime.getIsolateId","id":100000118}
---

--- 2026-06-16T20:25:09.480Z debug
[InspectorProxyWorker] RUNTIME INCOMING MESSAGE { id: 100000119, result: { id: 'ceb39964c9157a25' } }
---

--- 2026-06-16T20:25:09.481Z debug
[InspectorProxyWorker] SEND TO RUNTIME {"method":"Runtime.getIsolateId","id":100000119}
---

--- 2026-06-16T20:25:19.474Z debug
[InspectorProxyWorker] RUNTIME INCOMING MESSAGE { id: 100000120, result: { id: 'ceb39964c9157a25' } }
---

--- 2026-06-16T20:25:19.474Z debug
[InspectorProxyWorker] SEND TO RUNTIME {"method":"Runtime.getIsolateId","id":100000120}
---

--- 2026-06-16T20:25:29.478Z debug
[InspectorProxyWorker] RUNTIME INCOMING MESSAGE { id: 100000121, result: { id: 'ceb39964c9157a25' } }
---

--- 2026-06-16T20:25:29.479Z debug
[InspectorProxyWorker] SEND TO RUNTIME {"method":"Runtime.getIsolateId","id":100000121}
---

--- 2026-06-16T20:25:39.475Z debug
[InspectorProxyWorker] SEND TO RUNTIME {"method":"Runtime.getIsolateId","id":100000122}
---

--- 2026-06-16T20:25:39.475Z debug
[InspectorProxyWorker] RUNTIME INCOMING MESSAGE { id: 100000122, result: { id: 'ceb39964c9157a25' } }
---

--- 2026-06-16T20:25:49.470Z debug
[InspectorProxyWorker] RUNTIME INCOMING MESSAGE { id: 100000123, result: { id: 'ceb39964c9157a25' } }
---

--- 2026-06-16T20:25:49.471Z debug
[InspectorProxyWorker] SEND TO RUNTIME {"method":"Runtime.getIsolateId","id":100000123}
---

--- 2026-06-16T20:25:59.482Z debug
[InspectorProxyWorker] RUNTIME INCOMING MESSAGE { id: 100000124, result: { id: 'ceb39964c9157a25' } }
---

--- 2026-06-16T20:25:59.483Z debug
[InspectorProxyWorker] SEND TO RUNTIME {"method":"Runtime.getIsolateId","id":100000124}
---

--- 2026-06-16T20:26:09.470Z debug
[InspectorProxyWorker] RUNTIME INCOMING MESSAGE { id: 100000125, result: { id: 'ceb39964c9157a25' } }
---

--- 2026-06-16T20:26:09.471Z debug
[InspectorProxyWorker] SEND TO RUNTIME {"method":"Runtime.getIsolateId","id":100000125}
---

--- 2026-06-16T20:26:19.479Z debug
[InspectorProxyWorker] RUNTIME INCOMING MESSAGE { id: 100000126, result: { id: 'ceb39964c9157a25' } }
---

--- 2026-06-16T20:26:19.480Z debug
[InspectorProxyWorker] SEND TO RUNTIME {"method":"Runtime.getIsolateId","id":100000126}
---

--- 2026-06-16T20:26:29.476Z debug
[InspectorProxyWorker] SEND TO RUNTIME {"method":"Runtime.getIsolateId","id":100000127}
---

--- 2026-06-16T20:26:29.478Z debug
[InspectorProxyWorker] RUNTIME INCOMING MESSAGE { id: 100000127, result: { id: 'ceb39964c9157a25' } }
---

--- 2026-06-16T20:26:39.471Z debug
[InspectorProxyWorker] SEND TO RUNTIME {"method":"Runtime.getIsolateId","id":100000128}
---

--- 2026-06-16T20:26:39.471Z debug
[InspectorProxyWorker] RUNTIME INCOMING MESSAGE { id: 100000128, result: { id: 'ceb39964c9157a25' } }
---

--- 2026-06-16T20:26:49.466Z debug
[InspectorProxyWorker] RUNTIME INCOMING MESSAGE { id: 100000129, result: { id: 'ceb39964c9157a25' } }
---

--- 2026-06-16T20:26:49.467Z debug
[InspectorProxyWorker] SEND TO RUNTIME {"method":"Runtime.getIsolateId","id":100000129}
---

--- 2026-06-16T20:26:59.468Z debug
[InspectorProxyWorker] RUNTIME INCOMING MESSAGE { id: 100000130, result: { id: 'ceb39964c9157a25' } }
---

--- 2026-06-16T20:26:59.469Z debug
[InspectorProxyWorker] SEND TO RUNTIME {"method":"Runtime.getIsolateId","id":100000130}
---

--- 2026-06-16T20:27:09.470Z debug
[InspectorProxyWorker] SEND TO RUNTIME {"method":"Runtime.getIsolateId","id":100000131}
---

--- 2026-06-16T20:27:09.470Z debug
[InspectorProxyWorker] RUNTIME INCOMING MESSAGE { id: 100000131, result: { id: 'ceb39964c9157a25' } }
---

--- 2026-06-16T20:27:19.473Z debug
[InspectorProxyWorker] SEND TO RUNTIME {"method":"Runtime.getIsolateId","id":100000132}
---

--- 2026-06-16T20:27:19.474Z debug
[InspectorProxyWorker] RUNTIME INCOMING MESSAGE { id: 100000132, result: { id: 'ceb39964c9157a25' } }
---

--- 2026-06-16T20:27:29.477Z debug
[InspectorProxyWorker] RUNTIME INCOMING MESSAGE { id: 100000133, result: { id: 'ceb39964c9157a25' } }
---

--- 2026-06-16T20:27:29.480Z debug
[InspectorProxyWorker] SEND TO RUNTIME {"method":"Runtime.getIsolateId","id":100000133}
---

--- 2026-06-16T20:27:39.471Z debug
[InspectorProxyWorker] SEND TO RUNTIME {"method":"Runtime.getIsolateId","id":100000134}
---

--- 2026-06-16T20:27:39.473Z debug
[InspectorProxyWorker] RUNTIME INCOMING MESSAGE { id: 100000134, result: { id: 'ceb39964c9157a25' } }
---

--- 2026-06-16T20:27:49.481Z debug
[InspectorProxyWorker] RUNTIME INCOMING MESSAGE { id: 100000135, result: { id: 'ceb39964c9157a25' } }
---

--- 2026-06-16T20:27:49.482Z debug
[InspectorProxyWorker] SEND TO RUNTIME {"method":"Runtime.getIsolateId","id":100000135}
---

--- 2026-06-16T20:27:59.486Z debug
[InspectorProxyWorker] RUNTIME INCOMING MESSAGE { id: 100000136, result: { id: 'ceb39964c9157a25' } }
---

--- 2026-06-16T20:27:59.487Z debug
[InspectorProxyWorker] SEND TO RUNTIME {"method":"Runtime.getIsolateId","id":100000136}
---

--- 2026-06-16T20:28:09.482Z debug
[InspectorProxyWorker] SEND TO RUNTIME {"method":"Runtime.getIsolateId","id":100000137}
---

--- 2026-06-16T20:28:09.482Z debug
[InspectorProxyWorker] RUNTIME INCOMING MESSAGE { id: 100000137, result: { id: 'ceb39964c9157a25' } }
---

--- 2026-06-16T20:28:19.468Z debug
[InspectorProxyWorker] SEND TO RUNTIME {"method":"Runtime.getIsolateId","id":100000138}
---

--- 2026-06-16T20:28:19.468Z debug
[InspectorProxyWorker] RUNTIME INCOMING MESSAGE { id: 100000138, result: { id: 'ceb39964c9157a25' } }
---

--- 2026-06-16T20:28:29.481Z debug
[InspectorProxyWorker] SEND TO RUNTIME {"method":"Runtime.getIsolateId","id":100000139}
---

--- 2026-06-16T20:28:29.482Z debug
[InspectorProxyWorker] RUNTIME INCOMING MESSAGE { id: 100000139, result: { id: 'ceb39964c9157a25' } }
---

--- 2026-06-16T20:28:39.479Z debug
[InspectorProxyWorker] RUNTIME INCOMING MESSAGE { id: 100000140, result: { id: 'ceb39964c9157a25' } }
---

--- 2026-06-16T20:28:39.479Z debug
[InspectorProxyWorker] SEND TO RUNTIME {"method":"Runtime.getIsolateId","id":100000140}
---

--- 2026-06-16T20:28:49.476Z debug
[InspectorProxyWorker] SEND TO RUNTIME {"method":"Runtime.getIsolateId","id":100000141}
---

--- 2026-06-16T20:28:49.477Z debug
[InspectorProxyWorker] RUNTIME INCOMING MESSAGE { id: 100000141, result: { id: 'ceb39964c9157a25' } }
---

--- 2026-06-16T20:28:59.469Z debug
[InspectorProxyWorker] RUNTIME INCOMING MESSAGE { id: 100000142, result: { id: 'ceb39964c9157a25' } }
---

--- 2026-06-16T20:28:59.470Z debug
[InspectorProxyWorker] SEND TO RUNTIME {"method":"Runtime.getIsolateId","id":100000142}
---

--- 2026-06-16T20:29:09.478Z debug
[InspectorProxyWorker] SEND TO RUNTIME {"method":"Runtime.getIsolateId","id":100000143}
---

--- 2026-06-16T20:29:09.478Z debug
[InspectorProxyWorker] RUNTIME INCOMING MESSAGE { id: 100000143, result: { id: 'ceb39964c9157a25' } }
---

--- 2026-06-16T20:29:19.469Z debug
[InspectorProxyWorker] SEND TO RUNTIME {"method":"Runtime.getIsolateId","id":100000144}
---

--- 2026-06-16T20:29:19.470Z debug
[InspectorProxyWorker] RUNTIME INCOMING MESSAGE { id: 100000144, result: { id: 'ceb39964c9157a25' } }
---

--- 2026-06-16T20:29:29.475Z debug
[InspectorProxyWorker] RUNTIME INCOMING MESSAGE { id: 100000145, result: { id: 'ceb39964c9157a25' } }
---

--- 2026-06-16T20:29:29.475Z debug
[InspectorProxyWorker] SEND TO RUNTIME {"method":"Runtime.getIsolateId","id":100000145}
---

--- 2026-06-16T20:29:39.472Z debug
[InspectorProxyWorker] RUNTIME INCOMING MESSAGE { id: 100000146, result: { id: 'ceb39964c9157a25' } }
---

--- 2026-06-16T20:29:39.472Z debug
[InspectorProxyWorker] SEND TO RUNTIME {"method":"Runtime.getIsolateId","id":100000146}
---

--- 2026-06-16T20:29:49.478Z debug
[InspectorProxyWorker] SEND TO RUNTIME {"method":"Runtime.getIsolateId","id":100000147}
---

--- 2026-06-16T20:29:49.479Z debug
[InspectorProxyWorker] RUNTIME INCOMING MESSAGE { id: 100000147, result: { id: 'ceb39964c9157a25' } }
---

--- 2026-06-16T20:29:59.471Z debug
[InspectorProxyWorker] RUNTIME INCOMING MESSAGE { id: 100000148, result: { id: 'ceb39964c9157a25' } }
---

--- 2026-06-16T20:29:59.471Z debug
[InspectorProxyWorker] SEND TO RUNTIME {"method":"Runtime.getIsolateId","id":100000148}
---

--- 2026-06-16T20:30:09.476Z debug
[InspectorProxyWorker] RUNTIME INCOMING MESSAGE { id: 100000149, result: { id: 'ceb39964c9157a25' } }
---

--- 2026-06-16T20:30:09.477Z debug
[InspectorProxyWorker] SEND TO RUNTIME {"method":"Runtime.getIsolateId","id":100000149}
---

--- 2026-06-16T20:30:19.481Z debug
[InspectorProxyWorker] RUNTIME INCOMING MESSAGE { id: 100000150, result: { id: 'ceb39964c9157a25' } }
---

--- 2026-06-16T20:30:19.481Z debug
[InspectorProxyWorker] SEND TO RUNTIME {"method":"Runtime.getIsolateId","id":100000150}
---

--- 2026-06-16T20:30:29.474Z debug
[InspectorProxyWorker] RUNTIME INCOMING MESSAGE { id: 100000151, result: { id: 'ceb39964c9157a25' } }
---

--- 2026-06-16T20:30:29.474Z debug
[InspectorProxyWorker] SEND TO RUNTIME {"method":"Runtime.getIsolateId","id":100000151}
---

--- 2026-06-16T20:30:39.482Z debug
[InspectorProxyWorker] RUNTIME INCOMING MESSAGE { id: 100000152, result: { id: 'ceb39964c9157a25' } }
---

--- 2026-06-16T20:30:39.483Z debug
[InspectorProxyWorker] SEND TO RUNTIME {"method":"Runtime.getIsolateId","id":100000152}
---

--- 2026-06-16T20:30:49.472Z debug
[InspectorProxyWorker] RUNTIME INCOMING MESSAGE { id: 100000153, result: { id: 'ceb39964c9157a25' } }
---

--- 2026-06-16T20:30:49.473Z debug
[InspectorProxyWorker] SEND TO RUNTIME {"method":"Runtime.getIsolateId","id":100000153}
---

--- 2026-06-16T20:30:59.482Z debug
[InspectorProxyWorker] RUNTIME INCOMING MESSAGE { id: 100000154, result: { id: 'ceb39964c9157a25' } }
---

--- 2026-06-16T20:30:59.482Z debug
[InspectorProxyWorker] SEND TO RUNTIME {"method":"Runtime.getIsolateId","id":100000154}
---

--- 2026-06-16T20:31:09.469Z debug
[InspectorProxyWorker] SEND TO RUNTIME {"method":"Runtime.getIsolateId","id":100000155}
---

--- 2026-06-16T20:31:09.470Z debug
[InspectorProxyWorker] RUNTIME INCOMING MESSAGE { id: 100000155, result: { id: 'ceb39964c9157a25' } }
---

--- 2026-06-16T20:31:19.487Z debug
[InspectorProxyWorker] SEND TO RUNTIME {"method":"Runtime.getIsolateId","id":100000156}
---

--- 2026-06-16T20:31:19.489Z debug
[InspectorProxyWorker] RUNTIME INCOMING MESSAGE { id: 100000156, result: { id: 'ceb39964c9157a25' } }
---

--- 2026-06-16T20:31:29.481Z debug
[InspectorProxyWorker] SEND TO RUNTIME {"method":"Runtime.getIsolateId","id":100000157}
---

--- 2026-06-16T20:31:29.481Z debug
[InspectorProxyWorker] RUNTIME INCOMING MESSAGE { id: 100000157, result: { id: 'ceb39964c9157a25' } }
---

--- 2026-06-16T20:31:39.474Z debug
[InspectorProxyWorker] RUNTIME INCOMING MESSAGE { id: 100000158, result: { id: 'ceb39964c9157a25' } }
---

--- 2026-06-16T20:31:39.475Z debug
[InspectorProxyWorker] SEND TO RUNTIME {"method":"Runtime.getIsolateId","id":100000158}
---

--- 2026-06-16T20:31:49.472Z debug
[InspectorProxyWorker] RUNTIME INCOMING MESSAGE { id: 100000159, result: { id: 'ceb39964c9157a25' } }
---

--- 2026-06-16T20:31:49.472Z debug
[InspectorProxyWorker] SEND TO RUNTIME {"method":"Runtime.getIsolateId","id":100000159}
---

--- 2026-06-16T20:31:59.473Z debug
[InspectorProxyWorker] SEND TO RUNTIME {"method":"Runtime.getIsolateId","id":100000160}
---

--- 2026-06-16T20:31:59.474Z debug
[InspectorProxyWorker] RUNTIME INCOMING MESSAGE { id: 100000160, result: { id: 'ceb39964c9157a25' } }
---

--- 2026-06-16T20:32:09.480Z debug
[InspectorProxyWorker] SEND TO RUNTIME {"method":"Runtime.getIsolateId","id":100000161}
---

--- 2026-06-16T20:32:09.481Z debug
[InspectorProxyWorker] RUNTIME INCOMING MESSAGE { id: 100000161, result: { id: 'ceb39964c9157a25' } }
---

--- 2026-06-16T20:32:19.479Z debug
[InspectorProxyWorker] SEND TO RUNTIME {"method":"Runtime.getIsolateId","id":100000162}
---

--- 2026-06-16T20:32:19.480Z debug
[InspectorProxyWorker] RUNTIME INCOMING MESSAGE { id: 100000162, result: { id: 'ceb39964c9157a25' } }
---

--- 2026-06-16T20:32:29.473Z debug
[InspectorProxyWorker] SEND TO RUNTIME {"method":"Runtime.getIsolateId","id":100000163}
---

--- 2026-06-16T20:32:29.473Z debug
[InspectorProxyWorker] RUNTIME INCOMING MESSAGE { id: 100000163, result: { id: 'ceb39964c9157a25' } }
---

--- 2026-06-16T20:32:39.468Z debug
[InspectorProxyWorker] RUNTIME INCOMING MESSAGE { id: 100000164, result: { id: 'ceb39964c9157a25' } }
---

--- 2026-06-16T20:32:39.469Z debug
[InspectorProxyWorker] SEND TO RUNTIME {"method":"Runtime.getIsolateId","id":100000164}
---

--- 2026-06-16T20:32:49.471Z debug
[InspectorProxyWorker] RUNTIME INCOMING MESSAGE { id: 100000165, result: { id: 'ceb39964c9157a25' } }
---

--- 2026-06-16T20:32:49.471Z debug
[InspectorProxyWorker] SEND TO RUNTIME {"method":"Runtime.getIsolateId","id":100000165}
---

--- 2026-06-16T20:32:59.469Z debug
[InspectorProxyWorker] RUNTIME INCOMING MESSAGE { id: 100000166, result: { id: 'ceb39964c9157a25' } }
---

--- 2026-06-16T20:32:59.470Z debug
[InspectorProxyWorker] SEND TO RUNTIME {"method":"Runtime.getIsolateId","id":100000166}
---

--- 2026-06-16T20:33:09.480Z debug
[InspectorProxyWorker] RUNTIME INCOMING MESSAGE { id: 100000167, result: { id: 'ceb39964c9157a25' } }
---

--- 2026-06-16T20:33:09.481Z debug
[InspectorProxyWorker] SEND TO RUNTIME {"method":"Runtime.getIsolateId","id":100000167}
---

--- 2026-06-16T20:33:19.471Z debug
[InspectorProxyWorker] RUNTIME INCOMING MESSAGE { id: 100000168, result: { id: 'ceb39964c9157a25' } }
---

--- 2026-06-16T20:33:19.472Z debug
[InspectorProxyWorker] SEND TO RUNTIME {"method":"Runtime.getIsolateId","id":100000168}
---

--- 2026-06-16T20:33:29.476Z debug
[InspectorProxyWorker] RUNTIME INCOMING MESSAGE { id: 100000169, result: { id: 'ceb39964c9157a25' } }
---

--- 2026-06-16T20:33:29.477Z debug
[InspectorProxyWorker] SEND TO RUNTIME {"method":"Runtime.getIsolateId","id":100000169}
---

--- 2026-06-16T20:33:39.467Z debug
[InspectorProxyWorker] RUNTIME INCOMING MESSAGE { id: 100000170, result: { id: 'ceb39964c9157a25' } }
---

--- 2026-06-16T20:33:39.467Z debug
[InspectorProxyWorker] SEND TO RUNTIME {"method":"Runtime.getIsolateId","id":100000170}
---

--- 2026-06-16T20:33:49.475Z debug
[InspectorProxyWorker] SEND TO RUNTIME {"method":"Runtime.getIsolateId","id":100000171}
---

--- 2026-06-16T20:33:49.476Z debug
[InspectorProxyWorker] RUNTIME INCOMING MESSAGE { id: 100000171, result: { id: 'ceb39964c9157a25' } }
---

--- 2026-06-16T20:33:59.479Z debug
[InspectorProxyWorker] RUNTIME INCOMING MESSAGE { id: 100000172, result: { id: 'ceb39964c9157a25' } }
---

--- 2026-06-16T20:33:59.479Z debug
[InspectorProxyWorker] SEND TO RUNTIME {"method":"Runtime.getIsolateId","id":100000172}
---

--- 2026-06-16T20:34:04.615Z debug
🌀 "change" event detected at functions\api\cleanops\requests\[id].js.
---

--- 2026-06-16T20:34:04.621Z debug
🌀 "change" event detected at functions\api\cleanops\requests.js.
---

--- 2026-06-16T20:34:04.622Z debug
🌀 "change" event detected at functions\api\public\leads.js.
---

--- 2026-06-16T20:34:04.622Z debug
🌀 "change" event detected at functions\db\customers.js.
---

--- 2026-06-16T20:34:04.630Z debug
🌀 "change" event detected at functions\db\requests.js.
---

--- 2026-06-16T20:34:04.910Z debug
No experimental flag store instantiated
---

--- 2026-06-16T20:34:04.911Z debug
Attempted to use flag "MULTIWORKER" which has not been instantiated
---

--- 2026-06-16T20:34:04.986Z log
✨ Compiled Worker successfully
---

--- 2026-06-16T20:34:04.988Z debug
Metrics dispatcher: Posting data {"deviceId":"be93b318-2cf3-4b85-b22f-5693b583b5a6","event":"build pages functions","timestamp":1781642044988,"properties":{"category":"Workers","wranglerVersion":"3.114.14","os":"win32:x64"}}
---

--- 2026-06-16T20:34:05.062Z debug
RemoteRuntimeController teardown beginning...
---

--- 2026-06-16T20:34:05.063Z debug
RemoteRuntimeController teardown complete
---

--- 2026-06-16T20:34:05.063Z debug
No experimental flag store instantiated
---

--- 2026-06-16T20:34:05.063Z debug
Attempted to use flag "ASSETS_RPC" which has not been instantiated
---

--- 2026-06-16T20:34:05.063Z log
⎔ Reloading local server...
---

--- 2026-06-16T20:34:05.071Z debug
[InspectorProxyWorker] handleProxyControllerIncomingMessage {"type":"reloadStart"}
---

--- 2026-06-16T20:34:05.072Z debug
[InspectorProxyWorker] SEND TO RUNTIME {"method":"Runtime.discardConsoleEntries","id":100000173}
---

--- 2026-06-16T20:34:05.072Z debug
[InspectorProxyWorker] RUNTIME INCOMING MESSAGE { id: 100000173, result: {} }
---

--- 2026-06-16T20:34:05.140Z debug
[InspectorProxyWorker] RUNTIME WEBSOCKET ERROR {
  message: 'internal error; reference = b069frfho242robnpvmek107',
  name: 'Error',
  stack: 'Error: internal error; reference = b069frfho242robnpvmek107'
}
---

--- 2026-06-16T20:34:05.141Z debug
[InspectorProxyWorker] 'runtime websocket' error {
  message: 'internal error; reference = b069frfho242robnpvmek107',
  name: 'Error',
  stack: 'Error: internal error; reference = b069frfho242robnpvmek107'
}
---

--- 2026-06-16T20:34:05.203Z debug
[InspectorProxyWorker] handleProxyControllerIncomingMessage {"type":"reloadComplete","proxyData":{"userWorkerUrl":{"protocol":"http:","hostname":"127.0.0.1","port":"64777"},"userWorkerInspectorUrl":{"protocol":"ws:","hostname":"127.0.0.1","port":"54466","pathname":"/core:user:pandazen-web-gtp"},"userWorkerInnerUrlOverrides":{"protocol":"http:"},"headers":{"MF-Proxy-Shared-Secret":"ebf1b0b4-efed-4f98-b27e-6e66c5488967"},"liveReload":false,"proxyLogsToController":false,"internalDurableObjects":[],"entrypointAddresses":{"__INTERNAL_WRANGLER_MIDDLEWARE__":{"host":"127.0.0.1","port":54469},"default":{"host":"127.0.0.1","port":54470}}}}
---

--- 2026-06-16T20:34:05.203Z debug
[InspectorProxyWorker] reconnectRuntimeWebSocket
---

--- 2026-06-16T20:34:05.204Z debug
[InspectorProxyWorker] NEW RUNTIME WEBSOCKET http://127.0.0.1:54466/core:user:pandazen-web-gtp
---

--- 2026-06-16T20:34:05.205Z debug
[InspectorProxyWorker] SEND TO DEVTOOLS {"method":"Runtime.executionContextsCleared"}
---

--- 2026-06-16T20:34:05.206Z debug
[InspectorProxyWorker] RUNTIME WEBSOCKET OPENED
---

--- 2026-06-16T20:34:05.207Z debug
[InspectorProxyWorker] SEND TO RUNTIME {"method":"Runtime.enable","id":100000174}
---

--- 2026-06-16T20:34:05.208Z debug
[InspectorProxyWorker] SEND TO RUNTIME {"method":"Debugger.enable","id":100000175}
---

--- 2026-06-16T20:34:05.208Z debug
[InspectorProxyWorker] SEND TO RUNTIME {"method":"Network.enable","id":100000176}
---

--- 2026-06-16T20:34:05.209Z debug
[InspectorProxyWorker] RUNTIME INCOMING MESSAGE {
  method: 'Runtime.executionContextCreated',
  params: {
    context: {
      id: 210898849,
      origin: '',
      name: 'Worker',
      uniqueId: '2109532708410169129.1348796765596966871'
    }
  }
}
---

--- 2026-06-16T20:34:05.209Z debug
[InspectorProxyWorker] RUNTIME INCOMING MESSAGE { id: 100000174, result: {} }
---

--- 2026-06-16T20:34:05.210Z debug
[InspectorProxyWorker] RUNTIME INCOMING MESSAGE {
  method: 'Debugger.scriptParsed',
  params: {
    scriptId: '3',
    url: 'file:///C:/Users/sewer/Documents/New%20project%202/pandazen-web-gtp/.wrangler/tmp/dev-oC4yzy/functionsWorker-0.02141303322756971.js',
    startLine: 0,
    startColumn: 0,
    endLine: 6774,
    endColumn: 145,
    executionContextId: 210898849,
    hash: '7329a30a54713deb8928d05555d72ab0936d87a3a606b1961dc1c64b2cfee9fc',
    buildId: '',
    isLiveEdit: false,
    sourceMapURL: 'functionsWorker-0.02141303322756971.js.map',
    hasSourceURL: true,
    isModule: true,
    length: 261671,
    scriptLanguage: 'JavaScript',
    embedderName: 'functionsWorker-0.02141303322756971.js'
  }
}
---

--- 2026-06-16T20:34:05.211Z debug
[InspectorProxyWorker] RUNTIME INCOMING MESSAGE {
  method: 'Debugger.scriptParsed',
  params: {
    scriptId: '4',
    url: 'cloudflare-internal:d1-api',
    startLine: 0,
    startColumn: 0,
    endLine: 390,
    endColumn: 0,
    executionContextId: 210898849,
    hash: 'f4316a8ee94643f57695b89a32ed3b9c709663174472eaaf27b74b5813eff99e',
    buildId: '',
    isLiveEdit: false,
    sourceMapURL: '',
    hasSourceURL: false,
    isModule: true,
    length: 15076,
    scriptLanguage: 'JavaScript',
    embedderName: 'cloudflare-internal:d1-api'
  }
}
---

--- 2026-06-16T20:34:05.212Z debug
[InspectorProxyWorker] RUNTIME INCOMING MESSAGE {
  id: 100000175,
  result: { debuggerId: '2385703109559983497.3196427899920157440' }
}
---

--- 2026-06-16T20:34:05.213Z debug
[InspectorProxyWorker] RUNTIME INCOMING MESSAGE { id: 100000176, method: 'Network.enable', result: {} }
---

--- 2026-06-16T20:34:06.352Z debug
🌀 "change" event detected at functions\api\cleanops\requests\[id].js.
---

--- 2026-06-16T20:34:06.353Z debug
🌀 "change" event detected at functions\api\public\leads.js.
---

--- 2026-06-16T20:34:06.353Z debug
🌀 "change" event detected at functions\db\customers.js.
---

--- 2026-06-16T20:34:06.361Z debug
🌀 "change" event detected at functions\api\cleanops\requests.js.
---

--- 2026-06-16T20:34:06.363Z debug
🌀 "change" event detected at functions\db\requests.js.
---

--- 2026-06-16T20:34:06.698Z debug
No experimental flag store instantiated
---

--- 2026-06-16T20:34:06.698Z debug
Attempted to use flag "MULTIWORKER" which has not been instantiated
---

--- 2026-06-16T20:34:06.779Z log
✨ Compiled Worker successfully
---

--- 2026-06-16T20:34:06.780Z debug
Metrics dispatcher: Posting data {"deviceId":"be93b318-2cf3-4b85-b22f-5693b583b5a6","event":"build pages functions","timestamp":1781642046780,"properties":{"category":"Workers","wranglerVersion":"3.114.14","os":"win32:x64"}}
---

--- 2026-06-16T20:34:06.838Z debug
RemoteRuntimeController teardown beginning...
---

--- 2026-06-16T20:34:06.838Z debug
RemoteRuntimeController teardown complete
---

--- 2026-06-16T20:34:06.838Z debug
No experimental flag store instantiated
---

--- 2026-06-16T20:34:06.838Z debug
Attempted to use flag "ASSETS_RPC" which has not been instantiated
---

--- 2026-06-16T20:34:06.838Z log
⎔ Reloading local server...
---

--- 2026-06-16T20:34:06.843Z debug
[InspectorProxyWorker] handleProxyControllerIncomingMessage {"type":"reloadStart"}
---

--- 2026-06-16T20:34:06.843Z debug
[InspectorProxyWorker] SEND TO RUNTIME {"method":"Runtime.discardConsoleEntries","id":100000177}
---

--- 2026-06-16T20:34:06.844Z debug
[InspectorProxyWorker] RUNTIME INCOMING MESSAGE { id: 100000177, result: {} }
---

--- 2026-06-16T20:34:06.870Z debug
[InspectorProxyWorker] RUNTIME WEBSOCKET ERROR {
  message: 'internal error; reference = qq9u3ib8aqgo88lups5n2bq9',
  name: 'Error',
  stack: 'Error: internal error; reference = qq9u3ib8aqgo88lups5n2bq9'
}
---

--- 2026-06-16T20:34:06.870Z debug
[InspectorProxyWorker] 'runtime websocket' error {
  message: 'internal error; reference = qq9u3ib8aqgo88lups5n2bq9',
  name: 'Error',
  stack: 'Error: internal error; reference = qq9u3ib8aqgo88lups5n2bq9'
}
---

--- 2026-06-16T20:34:06.936Z debug
[InspectorProxyWorker] handleProxyControllerIncomingMessage {"type":"reloadComplete","proxyData":{"userWorkerUrl":{"protocol":"http:","hostname":"127.0.0.1","port":"64911"},"userWorkerInspectorUrl":{"protocol":"ws:","hostname":"127.0.0.1","port":"54466","pathname":"/core:user:pandazen-web-gtp"},"userWorkerInnerUrlOverrides":{"protocol":"http:"},"headers":{"MF-Proxy-Shared-Secret":"ebf1b0b4-efed-4f98-b27e-6e66c5488967"},"liveReload":false,"proxyLogsToController":false,"internalDurableObjects":[],"entrypointAddresses":{"__INTERNAL_WRANGLER_MIDDLEWARE__":{"host":"127.0.0.1","port":54469},"default":{"host":"127.0.0.1","port":54470}}}}
---

--- 2026-06-16T20:34:06.937Z debug
[InspectorProxyWorker] reconnectRuntimeWebSocket
---

--- 2026-06-16T20:34:06.937Z debug
[InspectorProxyWorker] NEW RUNTIME WEBSOCKET http://127.0.0.1:54466/core:user:pandazen-web-gtp
---

--- 2026-06-16T20:34:06.938Z debug
[InspectorProxyWorker] SEND TO DEVTOOLS {"method":"Runtime.executionContextsCleared"}
---

--- 2026-06-16T20:34:06.939Z debug
[InspectorProxyWorker] RUNTIME WEBSOCKET OPENED
---

--- 2026-06-16T20:34:06.940Z debug
[InspectorProxyWorker] SEND TO RUNTIME {"method":"Runtime.enable","id":100000178}
---

--- 2026-06-16T20:34:06.940Z debug
[InspectorProxyWorker] SEND TO RUNTIME {"method":"Debugger.enable","id":100000179}
---

--- 2026-06-16T20:34:06.941Z debug
[InspectorProxyWorker] SEND TO RUNTIME {"method":"Network.enable","id":100000180}
---

--- 2026-06-16T20:34:06.941Z debug
[InspectorProxyWorker] RUNTIME INCOMING MESSAGE {
  method: 'Runtime.executionContextCreated',
  params: {
    context: {
      id: 293801953,
      origin: '',
      name: 'Worker',
      uniqueId: '-7898990857709433644.1811005780224484460'
    }
  }
}
---

--- 2026-06-16T20:34:06.943Z debug
[InspectorProxyWorker] RUNTIME INCOMING MESSAGE { id: 100000178, result: {} }
---

--- 2026-06-16T20:34:06.944Z debug
[InspectorProxyWorker] RUNTIME INCOMING MESSAGE {
  method: 'Debugger.scriptParsed',
  params: {
    scriptId: '3',
    url: 'file:///C:/Users/sewer/Documents/New%20project%202/pandazen-web-gtp/.wrangler/tmp/dev-oC4yzy/functionsWorker-0.02141303322756971.js',
    startLine: 0,
    startColumn: 0,
    endLine: 6907,
    endColumn: 145,
    executionContextId: 293801953,
    hash: 'a51808101d0133ff02c33d41a290abaf8e53b0dafa3c7cb513eb0c979d0503fe',
    buildId: '',
    isLiveEdit: false,
    sourceMapURL: 'functionsWorker-0.02141303322756971.js.map',
    hasSourceURL: true,
    isModule: true,
    length: 267855,
    scriptLanguage: 'JavaScript',
    embedderName: 'functionsWorker-0.02141303322756971.js'
  }
}
---

--- 2026-06-16T20:34:06.945Z debug
[InspectorProxyWorker] RUNTIME INCOMING MESSAGE {
  method: 'Debugger.scriptParsed',
  params: {
    scriptId: '4',
    url: 'cloudflare-internal:d1-api',
    startLine: 0,
    startColumn: 0,
    endLine: 390,
    endColumn: 0,
    executionContextId: 293801953,
    hash: 'f4316a8ee94643f57695b89a32ed3b9c709663174472eaaf27b74b5813eff99e',
    buildId: '',
    isLiveEdit: false,
    sourceMapURL: '',
    hasSourceURL: false,
    isModule: true,
    length: 15076,
    scriptLanguage: 'JavaScript',
    embedderName: 'cloudflare-internal:d1-api'
  }
}
---

--- 2026-06-16T20:34:06.945Z debug
[InspectorProxyWorker] RUNTIME INCOMING MESSAGE {
  id: 100000179,
  result: { debuggerId: '-1590139336656849584.3461439315950373058' }
}
---

--- 2026-06-16T20:34:06.946Z debug
[InspectorProxyWorker] RUNTIME INCOMING MESSAGE { id: 100000180, method: 'Network.enable', result: {} }
---

--- 2026-06-16T20:34:16.951Z debug
[InspectorProxyWorker] RUNTIME INCOMING MESSAGE { id: 100000181, result: { id: '93e61710153646f7' } }
---

--- 2026-06-16T20:34:16.951Z debug
[InspectorProxyWorker] SEND TO RUNTIME {"method":"Runtime.getIsolateId","id":100000181}
---

--- 2026-06-16T20:34:26.938Z debug
[InspectorProxyWorker] RUNTIME INCOMING MESSAGE { id: 100000182, result: { id: '93e61710153646f7' } }
---

--- 2026-06-16T20:34:26.939Z debug
[InspectorProxyWorker] SEND TO RUNTIME {"method":"Runtime.getIsolateId","id":100000182}
---

--- 2026-06-16T20:34:36.947Z debug
[InspectorProxyWorker] SEND TO RUNTIME {"method":"Runtime.getIsolateId","id":100000183}
---

--- 2026-06-16T20:34:36.947Z debug
[InspectorProxyWorker] RUNTIME INCOMING MESSAGE { id: 100000183, result: { id: '93e61710153646f7' } }
---

--- 2026-06-16T20:34:46.950Z debug
[InspectorProxyWorker] SEND TO RUNTIME {"method":"Runtime.getIsolateId","id":100000184}
---

--- 2026-06-16T20:34:46.951Z debug
[InspectorProxyWorker] RUNTIME INCOMING MESSAGE { id: 100000184, result: { id: '93e61710153646f7' } }
---

--- 2026-06-16T20:34:56.951Z debug
[InspectorProxyWorker] RUNTIME INCOMING MESSAGE { id: 100000185, result: { id: '93e61710153646f7' } }
---

--- 2026-06-16T20:34:56.951Z debug
[InspectorProxyWorker] SEND TO RUNTIME {"method":"Runtime.getIsolateId","id":100000185}
---

--- 2026-06-16T20:35:06.940Z debug
[InspectorProxyWorker] SEND TO RUNTIME {"method":"Runtime.getIsolateId","id":100000186}
---

--- 2026-06-16T20:35:06.941Z debug
[InspectorProxyWorker] RUNTIME INCOMING MESSAGE { id: 100000186, result: { id: '93e61710153646f7' } }
---

--- 2026-06-16T20:35:16.944Z debug
[InspectorProxyWorker] RUNTIME INCOMING MESSAGE { id: 100000187, result: { id: '93e61710153646f7' } }
---

--- 2026-06-16T20:35:16.946Z debug
[InspectorProxyWorker] SEND TO RUNTIME {"method":"Runtime.getIsolateId","id":100000187}
---

--- 2026-06-16T20:35:26.949Z debug
[InspectorProxyWorker] SEND TO RUNTIME {"method":"Runtime.getIsolateId","id":100000188}
---

--- 2026-06-16T20:35:26.949Z debug
[InspectorProxyWorker] RUNTIME INCOMING MESSAGE { id: 100000188, result: { id: '93e61710153646f7' } }
---

--- 2026-06-16T20:35:36.943Z debug
[InspectorProxyWorker] SEND TO RUNTIME {"method":"Runtime.getIsolateId","id":100000189}
---

--- 2026-06-16T20:35:36.946Z debug
[InspectorProxyWorker] RUNTIME INCOMING MESSAGE { id: 100000189, result: { id: '93e61710153646f7' } }
---

--- 2026-06-16T20:35:46.946Z debug
[InspectorProxyWorker] RUNTIME INCOMING MESSAGE { id: 100000190, result: { id: '93e61710153646f7' } }
---

--- 2026-06-16T20:35:46.947Z debug
[InspectorProxyWorker] SEND TO RUNTIME {"method":"Runtime.getIsolateId","id":100000190}
---

--- 2026-06-16T20:35:56.937Z debug
[InspectorProxyWorker] RUNTIME INCOMING MESSAGE { id: 100000191, result: { id: '93e61710153646f7' } }
---

--- 2026-06-16T20:35:56.938Z debug
[InspectorProxyWorker] SEND TO RUNTIME {"method":"Runtime.getIsolateId","id":100000191}
---

--- 2026-06-16T20:36:06.948Z debug
[InspectorProxyWorker] SEND TO RUNTIME {"method":"Runtime.getIsolateId","id":100000192}
---

--- 2026-06-16T20:36:06.948Z debug
[InspectorProxyWorker] RUNTIME INCOMING MESSAGE { id: 100000192, result: { id: '93e61710153646f7' } }
---

--- 2026-06-16T20:36:16.937Z debug
[InspectorProxyWorker] SEND TO RUNTIME {"method":"Runtime.getIsolateId","id":100000193}
---

--- 2026-06-16T20:36:16.938Z debug
[InspectorProxyWorker] RUNTIME INCOMING MESSAGE { id: 100000193, result: { id: '93e61710153646f7' } }
---

--- 2026-06-16T20:36:26.944Z debug
[InspectorProxyWorker] SEND TO RUNTIME {"method":"Runtime.getIsolateId","id":100000194}
---

--- 2026-06-16T20:36:26.945Z debug
[InspectorProxyWorker] RUNTIME INCOMING MESSAGE { id: 100000194, result: { id: '93e61710153646f7' } }
---

--- 2026-06-16T20:36:36.947Z debug
[InspectorProxyWorker] RUNTIME INCOMING MESSAGE { id: 100000195, result: { id: '93e61710153646f7' } }
---

--- 2026-06-16T20:36:36.947Z debug
[InspectorProxyWorker] SEND TO RUNTIME {"method":"Runtime.getIsolateId","id":100000195}
---

--- 2026-06-16T20:36:46.944Z debug
[InspectorProxyWorker] RUNTIME INCOMING MESSAGE { id: 100000196, result: { id: '93e61710153646f7' } }
---

--- 2026-06-16T20:36:46.944Z debug
[InspectorProxyWorker] SEND TO RUNTIME {"method":"Runtime.getIsolateId","id":100000196}
---

--- 2026-06-16T20:36:56.948Z debug
[InspectorProxyWorker] RUNTIME INCOMING MESSAGE { id: 100000197, result: { id: '93e61710153646f7' } }
---

--- 2026-06-16T20:36:56.949Z debug
[InspectorProxyWorker] SEND TO RUNTIME {"method":"Runtime.getIsolateId","id":100000197}
---

--- 2026-06-16T20:37:06.949Z debug
[InspectorProxyWorker] SEND TO RUNTIME {"method":"Runtime.getIsolateId","id":100000198}
---

--- 2026-06-16T20:37:06.950Z debug
[InspectorProxyWorker] RUNTIME INCOMING MESSAGE { id: 100000198, result: { id: '93e61710153646f7' } }
---

--- 2026-06-16T20:37:16.947Z debug
[InspectorProxyWorker] RUNTIME INCOMING MESSAGE { id: 100000199, result: { id: '93e61710153646f7' } }
---

--- 2026-06-16T20:37:16.947Z debug
[InspectorProxyWorker] SEND TO RUNTIME {"method":"Runtime.getIsolateId","id":100000199}
---

--- 2026-06-16T20:37:26.949Z debug
[InspectorProxyWorker] SEND TO RUNTIME {"method":"Runtime.getIsolateId","id":100000200}
---

--- 2026-06-16T20:37:26.949Z debug
[InspectorProxyWorker] RUNTIME INCOMING MESSAGE { id: 100000200, result: { id: '93e61710153646f7' } }
---

--- 2026-06-16T20:37:36.945Z debug
[InspectorProxyWorker] RUNTIME INCOMING MESSAGE { id: 100000201, result: { id: '93e61710153646f7' } }
---

--- 2026-06-16T20:37:36.946Z debug
[InspectorProxyWorker] SEND TO RUNTIME {"method":"Runtime.getIsolateId","id":100000201}
---

--- 2026-06-16T20:37:46.941Z debug
[InspectorProxyWorker] RUNTIME INCOMING MESSAGE { id: 100000202, result: { id: '93e61710153646f7' } }
---

--- 2026-06-16T20:37:46.942Z debug
[InspectorProxyWorker] SEND TO RUNTIME {"method":"Runtime.getIsolateId","id":100000202}
---

--- 2026-06-16T20:37:56.940Z debug
[InspectorProxyWorker] SEND TO RUNTIME {"method":"Runtime.getIsolateId","id":100000203}
---

--- 2026-06-16T20:37:56.941Z debug
[InspectorProxyWorker] RUNTIME INCOMING MESSAGE { id: 100000203, result: { id: '93e61710153646f7' } }
---

--- 2026-06-16T20:38:06.941Z debug
[InspectorProxyWorker] RUNTIME INCOMING MESSAGE { id: 100000204, result: { id: '93e61710153646f7' } }
---

--- 2026-06-16T20:38:06.942Z debug
[InspectorProxyWorker] SEND TO RUNTIME {"method":"Runtime.getIsolateId","id":100000204}
---

--- 2026-06-16T20:38:16.949Z debug
[InspectorProxyWorker] RUNTIME INCOMING MESSAGE { id: 100000205, result: { id: '93e61710153646f7' } }
---

--- 2026-06-16T20:38:16.950Z debug
[InspectorProxyWorker] SEND TO RUNTIME {"method":"Runtime.getIsolateId","id":100000205}
---

--- 2026-06-16T20:38:26.949Z debug
[InspectorProxyWorker] RUNTIME INCOMING MESSAGE { id: 100000206, result: { id: '93e61710153646f7' } }
---

--- 2026-06-16T20:38:26.950Z debug
[InspectorProxyWorker] SEND TO RUNTIME {"method":"Runtime.getIsolateId","id":100000206}
---

--- 2026-06-16T20:38:36.940Z debug
[InspectorProxyWorker] RUNTIME INCOMING MESSAGE { id: 100000207, result: { id: '93e61710153646f7' } }
---

--- 2026-06-16T20:38:36.940Z debug
[InspectorProxyWorker] SEND TO RUNTIME {"method":"Runtime.getIsolateId","id":100000207}
---

--- 2026-06-16T20:38:46.952Z debug
[InspectorProxyWorker] RUNTIME INCOMING MESSAGE { id: 100000208, result: { id: '93e61710153646f7' } }
---

--- 2026-06-16T20:38:46.954Z debug
[InspectorProxyWorker] SEND TO RUNTIME {"method":"Runtime.getIsolateId","id":100000208}
---

--- 2026-06-16T20:38:56.949Z debug
[InspectorProxyWorker] SEND TO RUNTIME {"method":"Runtime.getIsolateId","id":100000209}
---

--- 2026-06-16T20:38:56.951Z debug
[InspectorProxyWorker] RUNTIME INCOMING MESSAGE { id: 100000209, result: { id: '93e61710153646f7' } }
---

--- 2026-06-16T20:39:06.943Z debug
[InspectorProxyWorker] RUNTIME INCOMING MESSAGE { id: 100000210, result: { id: '93e61710153646f7' } }
---

--- 2026-06-16T20:39:06.943Z debug
[InspectorProxyWorker] SEND TO RUNTIME {"method":"Runtime.getIsolateId","id":100000210}
---

--- 2026-06-16T20:39:16.946Z debug
[InspectorProxyWorker] RUNTIME INCOMING MESSAGE { id: 100000211, result: { id: '93e61710153646f7' } }
---

--- 2026-06-16T20:39:16.946Z debug
[InspectorProxyWorker] SEND TO RUNTIME {"method":"Runtime.getIsolateId","id":100000211}
---

--- 2026-06-16T20:39:26.950Z debug
[InspectorProxyWorker] SEND TO RUNTIME {"method":"Runtime.getIsolateId","id":100000212}
---

--- 2026-06-16T20:39:26.951Z debug
[InspectorProxyWorker] RUNTIME INCOMING MESSAGE { id: 100000212, result: { id: '93e61710153646f7' } }
---

--- 2026-06-16T20:39:36.949Z debug
[InspectorProxyWorker] RUNTIME INCOMING MESSAGE { id: 100000213, result: { id: '93e61710153646f7' } }
---

--- 2026-06-16T20:39:36.950Z debug
[InspectorProxyWorker] SEND TO RUNTIME {"method":"Runtime.getIsolateId","id":100000213}
---

--- 2026-06-16T20:39:46.938Z debug
[InspectorProxyWorker] RUNTIME INCOMING MESSAGE { id: 100000214, result: { id: '93e61710153646f7' } }
---

--- 2026-06-16T20:39:46.938Z debug
[InspectorProxyWorker] SEND TO RUNTIME {"method":"Runtime.getIsolateId","id":100000214}
---

--- 2026-06-16T20:39:56.949Z debug
[InspectorProxyWorker] SEND TO RUNTIME {"method":"Runtime.getIsolateId","id":100000215}
---

--- 2026-06-16T20:39:56.949Z debug
[InspectorProxyWorker] RUNTIME INCOMING MESSAGE { id: 100000215, result: { id: '93e61710153646f7' } }
---

--- 2026-06-16T20:40:06.948Z debug
[InspectorProxyWorker] SEND TO RUNTIME {"method":"Runtime.getIsolateId","id":100000216}
---

--- 2026-06-16T20:40:06.948Z debug
[InspectorProxyWorker] RUNTIME INCOMING MESSAGE { id: 100000216, result: { id: '93e61710153646f7' } }
---

--- 2026-06-16T20:40:16.942Z debug
[InspectorProxyWorker] SEND TO RUNTIME {"method":"Runtime.getIsolateId","id":100000217}
---

--- 2026-06-16T20:40:16.943Z debug
[InspectorProxyWorker] RUNTIME INCOMING MESSAGE { id: 100000217, result: { id: '93e61710153646f7' } }
---

--- 2026-06-16T20:40:26.947Z debug
[InspectorProxyWorker] SEND TO RUNTIME {"method":"Runtime.getIsolateId","id":100000218}
---

--- 2026-06-16T20:40:26.948Z debug
[InspectorProxyWorker] RUNTIME INCOMING MESSAGE { id: 100000218, result: { id: '93e61710153646f7' } }
---

--- 2026-06-16T20:40:36.947Z debug
[InspectorProxyWorker] SEND TO RUNTIME {"method":"Runtime.getIsolateId","id":100000219}
---

--- 2026-06-16T20:40:36.947Z debug
[InspectorProxyWorker] RUNTIME INCOMING MESSAGE { id: 100000219, result: { id: '93e61710153646f7' } }
---

--- 2026-06-16T20:40:46.940Z debug
[InspectorProxyWorker] RUNTIME INCOMING MESSAGE { id: 100000220, result: { id: '93e61710153646f7' } }
---

--- 2026-06-16T20:40:46.940Z debug
[InspectorProxyWorker] SEND TO RUNTIME {"method":"Runtime.getIsolateId","id":100000220}
---

--- 2026-06-16T20:40:56.951Z debug
[InspectorProxyWorker] RUNTIME INCOMING MESSAGE { id: 100000221, result: { id: '93e61710153646f7' } }
---

--- 2026-06-16T20:40:56.952Z debug
[InspectorProxyWorker] SEND TO RUNTIME {"method":"Runtime.getIsolateId","id":100000221}
---

--- 2026-06-16T20:41:06.948Z debug
[InspectorProxyWorker] RUNTIME INCOMING MESSAGE { id: 100000222, result: { id: '93e61710153646f7' } }
---

--- 2026-06-16T20:41:06.949Z debug
[InspectorProxyWorker] SEND TO RUNTIME {"method":"Runtime.getIsolateId","id":100000222}
---

--- 2026-06-16T20:41:16.947Z debug
[InspectorProxyWorker] SEND TO RUNTIME {"method":"Runtime.getIsolateId","id":100000223}
---

--- 2026-06-16T20:41:16.948Z debug
[InspectorProxyWorker] RUNTIME INCOMING MESSAGE { id: 100000223, result: { id: '93e61710153646f7' } }
---

--- 2026-06-16T20:41:26.951Z debug
[InspectorProxyWorker] RUNTIME INCOMING MESSAGE { id: 100000224, result: { id: '93e61710153646f7' } }
---

--- 2026-06-16T20:41:26.952Z debug
[InspectorProxyWorker] SEND TO RUNTIME {"method":"Runtime.getIsolateId","id":100000224}
---

--- 2026-06-16T20:41:36.953Z debug
[InspectorProxyWorker] RUNTIME INCOMING MESSAGE { id: 100000225, result: { id: '93e61710153646f7' } }
---

--- 2026-06-16T20:41:36.954Z debug
[InspectorProxyWorker] SEND TO RUNTIME {"method":"Runtime.getIsolateId","id":100000225}
---

--- 2026-06-16T20:41:46.940Z debug
[InspectorProxyWorker] SEND TO RUNTIME {"method":"Runtime.getIsolateId","id":100000226}
---

--- 2026-06-16T20:41:46.941Z debug
[InspectorProxyWorker] RUNTIME INCOMING MESSAGE { id: 100000226, result: { id: '93e61710153646f7' } }
---

--- 2026-06-16T20:41:56.950Z debug
[InspectorProxyWorker] RUNTIME INCOMING MESSAGE { id: 100000227, result: { id: '93e61710153646f7' } }
---

--- 2026-06-16T20:41:56.950Z debug
[InspectorProxyWorker] SEND TO RUNTIME {"method":"Runtime.getIsolateId","id":100000227}
---

--- 2026-06-16T20:42:06.945Z debug
[InspectorProxyWorker] RUNTIME INCOMING MESSAGE { id: 100000228, result: { id: '93e61710153646f7' } }
---

--- 2026-06-16T20:42:06.946Z debug
[InspectorProxyWorker] SEND TO RUNTIME {"method":"Runtime.getIsolateId","id":100000228}
---

--- 2026-06-16T20:42:16.948Z debug
[InspectorProxyWorker] SEND TO RUNTIME {"method":"Runtime.getIsolateId","id":100000229}
---

--- 2026-06-16T20:42:16.948Z debug
[InspectorProxyWorker] RUNTIME INCOMING MESSAGE { id: 100000229, result: { id: '93e61710153646f7' } }
---

--- 2026-06-16T20:42:26.938Z debug
[InspectorProxyWorker] SEND TO RUNTIME {"method":"Runtime.getIsolateId","id":100000230}
---

--- 2026-06-16T20:42:26.939Z debug
[InspectorProxyWorker] RUNTIME INCOMING MESSAGE { id: 100000230, result: { id: '93e61710153646f7' } }
---

--- 2026-06-16T20:42:36.949Z debug
[InspectorProxyWorker] SEND TO RUNTIME {"method":"Runtime.getIsolateId","id":100000231}
---

--- 2026-06-16T20:42:36.949Z debug
[InspectorProxyWorker] RUNTIME INCOMING MESSAGE { id: 100000231, result: { id: '93e61710153646f7' } }
---

--- 2026-06-16T20:42:46.938Z debug
[InspectorProxyWorker] RUNTIME INCOMING MESSAGE { id: 100000232, result: { id: '93e61710153646f7' } }
---

--- 2026-06-16T20:42:46.938Z debug
[InspectorProxyWorker] SEND TO RUNTIME {"method":"Runtime.getIsolateId","id":100000232}
---

--- 2026-06-16T20:42:56.940Z debug
[InspectorProxyWorker] RUNTIME INCOMING MESSAGE { id: 100000233, result: { id: '93e61710153646f7' } }
---

--- 2026-06-16T20:42:56.941Z debug
[InspectorProxyWorker] SEND TO RUNTIME {"method":"Runtime.getIsolateId","id":100000233}
---

--- 2026-06-16T20:43:06.942Z debug
[InspectorProxyWorker] RUNTIME INCOMING MESSAGE { id: 100000234, result: { id: '93e61710153646f7' } }
---

--- 2026-06-16T20:43:06.942Z debug
[InspectorProxyWorker] SEND TO RUNTIME {"method":"Runtime.getIsolateId","id":100000234}
---

--- 2026-06-16T20:43:16.946Z debug
[InspectorProxyWorker] SEND TO RUNTIME {"method":"Runtime.getIsolateId","id":100000235}
---

--- 2026-06-16T20:43:16.946Z debug
[InspectorProxyWorker] RUNTIME INCOMING MESSAGE { id: 100000235, result: { id: '93e61710153646f7' } }
---

--- 2026-06-16T20:43:26.940Z debug
[InspectorProxyWorker] SEND TO RUNTIME {"method":"Runtime.getIsolateId","id":100000236}
---

--- 2026-06-16T20:43:26.940Z debug
[InspectorProxyWorker] RUNTIME INCOMING MESSAGE { id: 100000236, result: { id: '93e61710153646f7' } }
---

--- 2026-06-16T20:43:36.941Z debug
[InspectorProxyWorker] SEND TO RUNTIME {"method":"Runtime.getIsolateId","id":100000237}
---

--- 2026-06-16T20:43:36.942Z debug
[InspectorProxyWorker] RUNTIME INCOMING MESSAGE { id: 100000237, result: { id: '93e61710153646f7' } }
---

--- 2026-06-16T20:43:46.949Z debug
[InspectorProxyWorker] SEND TO RUNTIME {"method":"Runtime.getIsolateId","id":100000238}
---

--- 2026-06-16T20:43:46.950Z debug
[InspectorProxyWorker] RUNTIME INCOMING MESSAGE { id: 100000238, result: { id: '93e61710153646f7' } }
---

--- 2026-06-16T20:43:56.952Z debug
[InspectorProxyWorker] SEND TO RUNTIME {"method":"Runtime.getIsolateId","id":100000239}
---

--- 2026-06-16T20:43:56.953Z debug
[InspectorProxyWorker] RUNTIME INCOMING MESSAGE { id: 100000239, result: { id: '93e61710153646f7' } }
---

--- 2026-06-16T20:44:06.942Z debug
[InspectorProxyWorker] RUNTIME INCOMING MESSAGE { id: 100000240, result: { id: '93e61710153646f7' } }
---

--- 2026-06-16T20:44:06.942Z debug
[InspectorProxyWorker] SEND TO RUNTIME {"method":"Runtime.getIsolateId","id":100000240}
---

--- 2026-06-16T20:44:16.951Z debug
[InspectorProxyWorker] RUNTIME INCOMING MESSAGE { id: 100000241, result: { id: '93e61710153646f7' } }
---

--- 2026-06-16T20:44:16.951Z debug
[InspectorProxyWorker] SEND TO RUNTIME {"method":"Runtime.getIsolateId","id":100000241}
---

--- 2026-06-16T20:44:26.952Z debug
[InspectorProxyWorker] SEND TO RUNTIME {"method":"Runtime.getIsolateId","id":100000242}
---

--- 2026-06-16T20:44:26.953Z debug
[InspectorProxyWorker] RUNTIME INCOMING MESSAGE { id: 100000242, result: { id: '93e61710153646f7' } }
---

--- 2026-06-16T20:44:36.951Z debug
[InspectorProxyWorker] RUNTIME INCOMING MESSAGE { id: 100000243, result: { id: '93e61710153646f7' } }
---

--- 2026-06-16T20:44:36.953Z debug
[InspectorProxyWorker] SEND TO RUNTIME {"method":"Runtime.getIsolateId","id":100000243}
---

--- 2026-06-16T20:44:46.948Z debug
[InspectorProxyWorker] SEND TO RUNTIME {"method":"Runtime.getIsolateId","id":100000244}
---

--- 2026-06-16T20:44:46.949Z debug
[InspectorProxyWorker] RUNTIME INCOMING MESSAGE { id: 100000244, result: { id: '93e61710153646f7' } }
---

--- 2026-06-16T20:44:56.939Z debug
[InspectorProxyWorker] RUNTIME INCOMING MESSAGE { id: 100000245, result: { id: '93e61710153646f7' } }
---

--- 2026-06-16T20:44:56.940Z debug
[InspectorProxyWorker] SEND TO RUNTIME {"method":"Runtime.getIsolateId","id":100000245}
---

--- 2026-06-16T20:45:06.947Z debug
[InspectorProxyWorker] RUNTIME INCOMING MESSAGE { id: 100000246, result: { id: '93e61710153646f7' } }
---

--- 2026-06-16T20:45:06.947Z debug
[InspectorProxyWorker] SEND TO RUNTIME {"method":"Runtime.getIsolateId","id":100000246}
---

--- 2026-06-16T20:45:16.952Z debug
[InspectorProxyWorker] RUNTIME INCOMING MESSAGE { id: 100000247, result: { id: '93e61710153646f7' } }
---

--- 2026-06-16T20:45:16.952Z debug
[InspectorProxyWorker] SEND TO RUNTIME {"method":"Runtime.getIsolateId","id":100000247}
---

--- 2026-06-16T20:45:26.944Z debug
[InspectorProxyWorker] SEND TO RUNTIME {"method":"Runtime.getIsolateId","id":100000248}
---

--- 2026-06-16T20:45:26.946Z debug
[InspectorProxyWorker] RUNTIME INCOMING MESSAGE { id: 100000248, result: { id: '93e61710153646f7' } }
---

--- 2026-06-16T20:45:36.950Z debug
[InspectorProxyWorker] RUNTIME INCOMING MESSAGE { id: 100000249, result: { id: '93e61710153646f7' } }
---

--- 2026-06-16T20:45:36.951Z debug
[InspectorProxyWorker] SEND TO RUNTIME {"method":"Runtime.getIsolateId","id":100000249}
---

--- 2026-06-16T20:45:46.952Z debug
[InspectorProxyWorker] SEND TO RUNTIME {"method":"Runtime.getIsolateId","id":100000250}
---

--- 2026-06-16T20:45:46.952Z debug
[InspectorProxyWorker] RUNTIME INCOMING MESSAGE { id: 100000250, result: { id: '93e61710153646f7' } }
---

--- 2026-06-16T20:45:56.943Z debug
[InspectorProxyWorker] SEND TO RUNTIME {"method":"Runtime.getIsolateId","id":100000251}
---

--- 2026-06-16T20:45:56.944Z debug
[InspectorProxyWorker] RUNTIME INCOMING MESSAGE { id: 100000251, result: { id: '93e61710153646f7' } }
---

--- 2026-06-16T20:46:06.946Z debug
[InspectorProxyWorker] RUNTIME INCOMING MESSAGE { id: 100000252, result: { id: '93e61710153646f7' } }
---

--- 2026-06-16T20:46:06.947Z debug
[InspectorProxyWorker] SEND TO RUNTIME {"method":"Runtime.getIsolateId","id":100000252}
---

--- 2026-06-16T20:46:16.946Z debug
[InspectorProxyWorker] SEND TO RUNTIME {"method":"Runtime.getIsolateId","id":100000253}
---

--- 2026-06-16T20:46:16.947Z debug
[InspectorProxyWorker] RUNTIME INCOMING MESSAGE { id: 100000253, result: { id: '93e61710153646f7' } }
---

--- 2026-06-16T20:46:26.937Z debug
[InspectorProxyWorker] SEND TO RUNTIME {"method":"Runtime.getIsolateId","id":100000254}
---

--- 2026-06-16T20:46:26.938Z debug
[InspectorProxyWorker] RUNTIME INCOMING MESSAGE { id: 100000254, result: { id: '93e61710153646f7' } }
---

--- 2026-06-16T20:46:36.951Z debug
[InspectorProxyWorker] RUNTIME INCOMING MESSAGE { id: 100000255, result: { id: '93e61710153646f7' } }
---

--- 2026-06-16T20:46:36.952Z debug
[InspectorProxyWorker] SEND TO RUNTIME {"method":"Runtime.getIsolateId","id":100000255}
---

--- 2026-06-16T20:46:46.948Z debug
[InspectorProxyWorker] RUNTIME INCOMING MESSAGE { id: 100000256, result: { id: '93e61710153646f7' } }
---

--- 2026-06-16T20:46:46.949Z debug
[InspectorProxyWorker] SEND TO RUNTIME {"method":"Runtime.getIsolateId","id":100000256}
---

--- 2026-06-16T20:46:56.949Z debug
[InspectorProxyWorker] SEND TO RUNTIME {"method":"Runtime.getIsolateId","id":100000257}
---

--- 2026-06-16T20:46:56.949Z debug
[InspectorProxyWorker] RUNTIME INCOMING MESSAGE { id: 100000257, result: { id: '93e61710153646f7' } }
---

--- 2026-06-16T20:47:06.947Z debug
[InspectorProxyWorker] SEND TO RUNTIME {"method":"Runtime.getIsolateId","id":100000258}
---

--- 2026-06-16T20:47:06.947Z debug
[InspectorProxyWorker] RUNTIME INCOMING MESSAGE { id: 100000258, result: { id: '93e61710153646f7' } }
---

--- 2026-06-16T20:47:16.938Z debug
[InspectorProxyWorker] RUNTIME INCOMING MESSAGE { id: 100000259, result: { id: '93e61710153646f7' } }
---

--- 2026-06-16T20:47:16.938Z debug
[InspectorProxyWorker] SEND TO RUNTIME {"method":"Runtime.getIsolateId","id":100000259}
---

--- 2026-06-16T20:47:26.953Z debug
[InspectorProxyWorker] SEND TO RUNTIME {"method":"Runtime.getIsolateId","id":100000260}
---

--- 2026-06-16T20:47:26.954Z debug
[InspectorProxyWorker] RUNTIME INCOMING MESSAGE { id: 100000260, result: { id: '93e61710153646f7' } }
---

--- 2026-06-16T20:47:36.952Z debug
[InspectorProxyWorker] SEND TO RUNTIME {"method":"Runtime.getIsolateId","id":100000261}
---

--- 2026-06-16T20:47:36.953Z debug
[InspectorProxyWorker] RUNTIME INCOMING MESSAGE { id: 100000261, result: { id: '93e61710153646f7' } }
---

--- 2026-06-16T20:47:46.940Z debug
[InspectorProxyWorker] SEND TO RUNTIME {"method":"Runtime.getIsolateId","id":100000262}
---

--- 2026-06-16T20:47:46.941Z debug
[InspectorProxyWorker] RUNTIME INCOMING MESSAGE { id: 100000262, result: { id: '93e61710153646f7' } }
---

--- 2026-06-16T20:47:56.937Z debug
[InspectorProxyWorker] SEND TO RUNTIME {"method":"Runtime.getIsolateId","id":100000263}
---

--- 2026-06-16T20:47:56.938Z debug
[InspectorProxyWorker] RUNTIME INCOMING MESSAGE { id: 100000263, result: { id: '93e61710153646f7' } }
---

--- 2026-06-16T20:48:06.945Z debug
[InspectorProxyWorker] RUNTIME INCOMING MESSAGE { id: 100000264, result: { id: '93e61710153646f7' } }
---

--- 2026-06-16T20:48:06.946Z debug
[InspectorProxyWorker] SEND TO RUNTIME {"method":"Runtime.getIsolateId","id":100000264}
---

--- 2026-06-16T20:48:16.947Z debug
[InspectorProxyWorker] SEND TO RUNTIME {"method":"Runtime.getIsolateId","id":100000265}
---

--- 2026-06-16T20:48:16.947Z debug
[InspectorProxyWorker] RUNTIME INCOMING MESSAGE { id: 100000265, result: { id: '93e61710153646f7' } }
---

--- 2026-06-16T20:48:26.946Z debug
[InspectorProxyWorker] RUNTIME INCOMING MESSAGE { id: 100000266, result: { id: '93e61710153646f7' } }
---

--- 2026-06-16T20:48:26.946Z debug
[InspectorProxyWorker] SEND TO RUNTIME {"method":"Runtime.getIsolateId","id":100000266}
---

--- 2026-06-16T20:48:36.942Z debug
[InspectorProxyWorker] RUNTIME INCOMING MESSAGE { id: 100000267, result: { id: '93e61710153646f7' } }
---

--- 2026-06-16T20:48:36.943Z debug
[InspectorProxyWorker] SEND TO RUNTIME {"method":"Runtime.getIsolateId","id":100000267}
---

--- 2026-06-16T20:48:46.947Z debug
[InspectorProxyWorker] RUNTIME INCOMING MESSAGE { id: 100000268, result: { id: '93e61710153646f7' } }
---

--- 2026-06-16T20:48:46.948Z debug
[InspectorProxyWorker] SEND TO RUNTIME {"method":"Runtime.getIsolateId","id":100000268}
---

--- 2026-06-16T20:48:56.943Z debug
[InspectorProxyWorker] SEND TO RUNTIME {"method":"Runtime.getIsolateId","id":100000269}
---

--- 2026-06-16T20:48:56.944Z debug
[InspectorProxyWorker] RUNTIME INCOMING MESSAGE { id: 100000269, result: { id: '93e61710153646f7' } }
---

--- 2026-06-16T20:49:06.949Z debug
[InspectorProxyWorker] SEND TO RUNTIME {"method":"Runtime.getIsolateId","id":100000270}
---

--- 2026-06-16T20:49:06.950Z debug
[InspectorProxyWorker] RUNTIME INCOMING MESSAGE { id: 100000270, result: { id: '93e61710153646f7' } }
---

--- 2026-06-16T20:49:16.943Z debug
[InspectorProxyWorker] SEND TO RUNTIME {"method":"Runtime.getIsolateId","id":100000271}
---

--- 2026-06-16T20:49:16.943Z debug
[InspectorProxyWorker] RUNTIME INCOMING MESSAGE { id: 100000271, result: { id: '93e61710153646f7' } }
---

--- 2026-06-16T20:49:26.945Z debug
[InspectorProxyWorker] SEND TO RUNTIME {"method":"Runtime.getIsolateId","id":100000272}
---

--- 2026-06-16T20:49:26.945Z debug
[InspectorProxyWorker] RUNTIME INCOMING MESSAGE { id: 100000272, result: { id: '93e61710153646f7' } }
---

--- 2026-06-16T20:49:36.947Z debug
[InspectorProxyWorker] RUNTIME INCOMING MESSAGE { id: 100000273, result: { id: '93e61710153646f7' } }
---

--- 2026-06-16T20:49:36.947Z debug
[InspectorProxyWorker] SEND TO RUNTIME {"method":"Runtime.getIsolateId","id":100000273}
---

--- 2026-06-16T20:49:46.937Z debug
[InspectorProxyWorker] RUNTIME INCOMING MESSAGE { id: 100000274, result: { id: '93e61710153646f7' } }
---

--- 2026-06-16T20:49:46.938Z debug
[InspectorProxyWorker] SEND TO RUNTIME {"method":"Runtime.getIsolateId","id":100000274}
---

--- 2026-06-16T20:49:56.951Z debug
[InspectorProxyWorker] RUNTIME INCOMING MESSAGE { id: 100000275, result: { id: '93e61710153646f7' } }
---

--- 2026-06-16T20:49:56.952Z debug
[InspectorProxyWorker] SEND TO RUNTIME {"method":"Runtime.getIsolateId","id":100000275}
---

--- 2026-06-16T20:50:06.953Z debug
[InspectorProxyWorker] SEND TO RUNTIME {"method":"Runtime.getIsolateId","id":100000276}
---

--- 2026-06-16T20:50:06.953Z debug
[InspectorProxyWorker] RUNTIME INCOMING MESSAGE { id: 100000276, result: { id: '93e61710153646f7' } }
---

--- 2026-06-16T20:50:16.945Z debug
[InspectorProxyWorker] RUNTIME INCOMING MESSAGE { id: 100000277, result: { id: '93e61710153646f7' } }
---

--- 2026-06-16T20:50:16.946Z debug
[InspectorProxyWorker] SEND TO RUNTIME {"method":"Runtime.getIsolateId","id":100000277}
---

--- 2026-06-16T20:50:26.937Z debug
[InspectorProxyWorker] RUNTIME INCOMING MESSAGE { id: 100000278, result: { id: '93e61710153646f7' } }
---

--- 2026-06-16T20:50:26.938Z debug
[InspectorProxyWorker] SEND TO RUNTIME {"method":"Runtime.getIsolateId","id":100000278}
---

--- 2026-06-16T20:50:36.947Z debug
[InspectorProxyWorker] RUNTIME INCOMING MESSAGE { id: 100000279, result: { id: '93e61710153646f7' } }
---

--- 2026-06-16T20:50:36.948Z debug
[InspectorProxyWorker] SEND TO RUNTIME {"method":"Runtime.getIsolateId","id":100000279}
---

--- 2026-06-16T20:50:46.944Z debug
[InspectorProxyWorker] SEND TO RUNTIME {"method":"Runtime.getIsolateId","id":100000280}
---

--- 2026-06-16T20:50:46.944Z debug
[InspectorProxyWorker] RUNTIME INCOMING MESSAGE { id: 100000280, result: { id: '93e61710153646f7' } }
---

--- 2026-06-16T20:50:56.950Z debug
[InspectorProxyWorker] SEND TO RUNTIME {"method":"Runtime.getIsolateId","id":100000281}
---

--- 2026-06-16T20:50:56.951Z debug
[InspectorProxyWorker] RUNTIME INCOMING MESSAGE { id: 100000281, result: { id: '93e61710153646f7' } }
---

--- 2026-06-16T20:51:06.952Z debug
[InspectorProxyWorker] RUNTIME INCOMING MESSAGE { id: 100000282, result: { id: '93e61710153646f7' } }
---

--- 2026-06-16T20:51:06.952Z debug
[InspectorProxyWorker] SEND TO RUNTIME {"method":"Runtime.getIsolateId","id":100000282}
---

--- 2026-06-16T20:51:16.944Z debug
[InspectorProxyWorker] RUNTIME INCOMING MESSAGE { id: 100000283, result: { id: '93e61710153646f7' } }
---

--- 2026-06-16T20:51:16.944Z debug
[InspectorProxyWorker] SEND TO RUNTIME {"method":"Runtime.getIsolateId","id":100000283}
---

--- 2026-06-16T20:51:26.954Z debug
[InspectorProxyWorker] RUNTIME INCOMING MESSAGE { id: 100000284, result: { id: '93e61710153646f7' } }
---

--- 2026-06-16T20:51:26.955Z debug
[InspectorProxyWorker] SEND TO RUNTIME {"method":"Runtime.getIsolateId","id":100000284}
---

--- 2026-06-16T20:51:36.953Z debug
[InspectorProxyWorker] RUNTIME INCOMING MESSAGE { id: 100000285, result: { id: '93e61710153646f7' } }
---

--- 2026-06-16T20:51:36.954Z debug
[InspectorProxyWorker] SEND TO RUNTIME {"method":"Runtime.getIsolateId","id":100000285}
---

--- 2026-06-16T20:51:46.940Z debug
[InspectorProxyWorker] RUNTIME INCOMING MESSAGE { id: 100000286, result: { id: '93e61710153646f7' } }
---

--- 2026-06-16T20:51:46.941Z debug
[InspectorProxyWorker] SEND TO RUNTIME {"method":"Runtime.getIsolateId","id":100000286}
---

--- 2026-06-16T20:51:56.947Z debug
[InspectorProxyWorker] RUNTIME INCOMING MESSAGE { id: 100000287, result: { id: '93e61710153646f7' } }
---

--- 2026-06-16T20:51:56.948Z debug
[InspectorProxyWorker] SEND TO RUNTIME {"method":"Runtime.getIsolateId","id":100000287}
---

--- 2026-06-16T20:52:06.943Z debug
[InspectorProxyWorker] SEND TO RUNTIME {"method":"Runtime.getIsolateId","id":100000288}
---

--- 2026-06-16T20:52:06.945Z debug
[InspectorProxyWorker] RUNTIME INCOMING MESSAGE { id: 100000288, result: { id: '93e61710153646f7' } }
---

--- 2026-06-16T20:52:16.939Z debug
[InspectorProxyWorker] RUNTIME INCOMING MESSAGE { id: 100000289, result: { id: '93e61710153646f7' } }
---

--- 2026-06-16T20:52:16.940Z debug
[InspectorProxyWorker] SEND TO RUNTIME {"method":"Runtime.getIsolateId","id":100000289}
---

--- 2026-06-16T20:52:26.949Z debug
[InspectorProxyWorker] RUNTIME INCOMING MESSAGE { id: 100000290, result: { id: '93e61710153646f7' } }
---

--- 2026-06-16T20:52:26.950Z debug
[InspectorProxyWorker] SEND TO RUNTIME {"method":"Runtime.getIsolateId","id":100000290}
---

--- 2026-06-16T20:52:36.954Z debug
[InspectorProxyWorker] RUNTIME INCOMING MESSAGE { id: 100000291, result: { id: '93e61710153646f7' } }
---

--- 2026-06-16T20:52:36.955Z debug
[InspectorProxyWorker] SEND TO RUNTIME {"method":"Runtime.getIsolateId","id":100000291}
---

--- 2026-06-16T20:52:46.951Z debug
[InspectorProxyWorker] RUNTIME INCOMING MESSAGE { id: 100000292, result: { id: '93e61710153646f7' } }
---

--- 2026-06-16T20:52:46.951Z debug
[InspectorProxyWorker] SEND TO RUNTIME {"method":"Runtime.getIsolateId","id":100000292}
---

--- 2026-06-16T20:52:56.944Z debug
[InspectorProxyWorker] SEND TO RUNTIME {"method":"Runtime.getIsolateId","id":100000293}
---

--- 2026-06-16T20:52:56.945Z debug
[InspectorProxyWorker] RUNTIME INCOMING MESSAGE { id: 100000293, result: { id: '93e61710153646f7' } }
---

--- 2026-06-16T20:53:06.948Z debug
[InspectorProxyWorker] SEND TO RUNTIME {"method":"Runtime.getIsolateId","id":100000294}
---

--- 2026-06-16T20:53:06.948Z debug
[InspectorProxyWorker] RUNTIME INCOMING MESSAGE { id: 100000294, result: { id: '93e61710153646f7' } }
---

--- 2026-06-16T20:53:16.943Z debug
[InspectorProxyWorker] SEND TO RUNTIME {"method":"Runtime.getIsolateId","id":100000295}
---

--- 2026-06-16T20:53:16.943Z debug
[InspectorProxyWorker] RUNTIME INCOMING MESSAGE { id: 100000295, result: { id: '93e61710153646f7' } }
---

--- 2026-06-16T20:53:26.949Z debug
[InspectorProxyWorker] RUNTIME INCOMING MESSAGE { id: 100000296, result: { id: '93e61710153646f7' } }
---

--- 2026-06-16T20:53:26.950Z debug
[InspectorProxyWorker] SEND TO RUNTIME {"method":"Runtime.getIsolateId","id":100000296}
---

--- 2026-06-16T20:53:36.951Z debug
[InspectorProxyWorker] SEND TO RUNTIME {"method":"Runtime.getIsolateId","id":100000297}
---

--- 2026-06-16T20:53:36.952Z debug
[InspectorProxyWorker] RUNTIME INCOMING MESSAGE { id: 100000297, result: { id: '93e61710153646f7' } }
---

--- 2026-06-16T20:53:46.949Z debug
[InspectorProxyWorker] SEND TO RUNTIME {"method":"Runtime.getIsolateId","id":100000298}
---

--- 2026-06-16T20:53:46.950Z debug
[InspectorProxyWorker] RUNTIME INCOMING MESSAGE { id: 100000298, result: { id: '93e61710153646f7' } }
---

--- 2026-06-16T20:53:56.939Z debug
[InspectorProxyWorker] SEND TO RUNTIME {"method":"Runtime.getIsolateId","id":100000299}
---

--- 2026-06-16T20:53:56.940Z debug
[InspectorProxyWorker] RUNTIME INCOMING MESSAGE { id: 100000299, result: { id: '93e61710153646f7' } }
---

--- 2026-06-16T20:54:06.945Z debug
[InspectorProxyWorker] RUNTIME INCOMING MESSAGE { id: 100000300, result: { id: '93e61710153646f7' } }
---

--- 2026-06-16T20:54:06.946Z debug
[InspectorProxyWorker] SEND TO RUNTIME {"method":"Runtime.getIsolateId","id":100000300}
---

--- 2026-06-16T20:54:16.939Z debug
[InspectorProxyWorker] SEND TO RUNTIME {"method":"Runtime.getIsolateId","id":100000301}
---

--- 2026-06-16T20:54:16.939Z debug
[InspectorProxyWorker] RUNTIME INCOMING MESSAGE { id: 100000301, result: { id: '93e61710153646f7' } }
---

--- 2026-06-16T20:54:26.940Z debug
[InspectorProxyWorker] SEND TO RUNTIME {"method":"Runtime.getIsolateId","id":100000302}
---

--- 2026-06-16T20:54:26.940Z debug
[InspectorProxyWorker] RUNTIME INCOMING MESSAGE { id: 100000302, result: { id: '93e61710153646f7' } }
---

--- 2026-06-16T20:54:36.943Z debug
[InspectorProxyWorker] RUNTIME INCOMING MESSAGE { id: 100000303, result: { id: '93e61710153646f7' } }
---

--- 2026-06-16T20:54:36.944Z debug
[InspectorProxyWorker] SEND TO RUNTIME {"method":"Runtime.getIsolateId","id":100000303}
---

--- 2026-06-16T20:54:46.937Z debug
[InspectorProxyWorker] SEND TO RUNTIME {"method":"Runtime.getIsolateId","id":100000304}
---

--- 2026-06-16T20:54:46.938Z debug
[InspectorProxyWorker] RUNTIME INCOMING MESSAGE { id: 100000304, result: { id: '93e61710153646f7' } }
---

--- 2026-06-16T20:54:56.952Z debug
[InspectorProxyWorker] SEND TO RUNTIME {"method":"Runtime.getIsolateId","id":100000305}
---

--- 2026-06-16T20:54:56.952Z debug
[InspectorProxyWorker] RUNTIME INCOMING MESSAGE { id: 100000305, result: { id: '93e61710153646f7' } }
---

--- 2026-06-16T20:55:06.947Z debug
[InspectorProxyWorker] RUNTIME INCOMING MESSAGE { id: 100000306, result: { id: '93e61710153646f7' } }
---

--- 2026-06-16T20:55:06.948Z debug
[InspectorProxyWorker] SEND TO RUNTIME {"method":"Runtime.getIsolateId","id":100000306}
---

--- 2026-06-16T20:55:16.951Z debug
[InspectorProxyWorker] RUNTIME INCOMING MESSAGE { id: 100000307, result: { id: '93e61710153646f7' } }
---

--- 2026-06-16T20:55:16.951Z debug
[InspectorProxyWorker] SEND TO RUNTIME {"method":"Runtime.getIsolateId","id":100000307}
---

--- 2026-06-16T20:55:26.940Z debug
[InspectorProxyWorker] RUNTIME INCOMING MESSAGE { id: 100000308, result: { id: '93e61710153646f7' } }
---

--- 2026-06-16T20:55:26.941Z debug
[InspectorProxyWorker] SEND TO RUNTIME {"method":"Runtime.getIsolateId","id":100000308}
---

--- 2026-06-16T20:55:36.946Z debug
[InspectorProxyWorker] SEND TO RUNTIME {"method":"Runtime.getIsolateId","id":100000309}
---

--- 2026-06-16T20:55:36.946Z debug
[InspectorProxyWorker] RUNTIME INCOMING MESSAGE { id: 100000309, result: { id: '93e61710153646f7' } }
---

--- 2026-06-16T20:55:46.946Z debug
[InspectorProxyWorker] RUNTIME INCOMING MESSAGE { id: 100000310, result: { id: '93e61710153646f7' } }
---

--- 2026-06-16T20:55:46.947Z debug
[InspectorProxyWorker] SEND TO RUNTIME {"method":"Runtime.getIsolateId","id":100000310}
---

--- 2026-06-16T20:55:56.947Z debug
[InspectorProxyWorker] RUNTIME INCOMING MESSAGE { id: 100000311, result: { id: '93e61710153646f7' } }
---

--- 2026-06-16T20:55:56.947Z debug
[InspectorProxyWorker] SEND TO RUNTIME {"method":"Runtime.getIsolateId","id":100000311}
---

--- 2026-06-16T20:56:06.946Z debug
[InspectorProxyWorker] SEND TO RUNTIME {"method":"Runtime.getIsolateId","id":100000312}
---

--- 2026-06-16T20:56:06.947Z debug
[InspectorProxyWorker] RUNTIME INCOMING MESSAGE { id: 100000312, result: { id: '93e61710153646f7' } }
---

--- 2026-06-16T20:56:16.948Z debug
[InspectorProxyWorker] SEND TO RUNTIME {"method":"Runtime.getIsolateId","id":100000313}
---

--- 2026-06-16T20:56:16.948Z debug
[InspectorProxyWorker] RUNTIME INCOMING MESSAGE { id: 100000313, result: { id: '93e61710153646f7' } }
---

--- 2026-06-16T20:56:26.944Z debug
[InspectorProxyWorker] RUNTIME INCOMING MESSAGE { id: 100000314, result: { id: '93e61710153646f7' } }
---

--- 2026-06-16T20:56:26.944Z debug
[InspectorProxyWorker] SEND TO RUNTIME {"method":"Runtime.getIsolateId","id":100000314}
---

--- 2026-06-16T20:56:36.949Z debug
[InspectorProxyWorker] RUNTIME INCOMING MESSAGE { id: 100000315, result: { id: '93e61710153646f7' } }
---

--- 2026-06-16T20:56:36.950Z debug
[InspectorProxyWorker] SEND TO RUNTIME {"method":"Runtime.getIsolateId","id":100000315}
---

--- 2026-06-16T20:56:46.945Z debug
[InspectorProxyWorker] SEND TO RUNTIME {"method":"Runtime.getIsolateId","id":100000316}
---

--- 2026-06-16T20:56:46.946Z debug
[InspectorProxyWorker] RUNTIME INCOMING MESSAGE { id: 100000316, result: { id: '93e61710153646f7' } }
---

--- 2026-06-16T20:56:56.945Z debug
[InspectorProxyWorker] SEND TO RUNTIME {"method":"Runtime.getIsolateId","id":100000317}
---

--- 2026-06-16T20:56:56.946Z debug
[InspectorProxyWorker] RUNTIME INCOMING MESSAGE { id: 100000317, result: { id: '93e61710153646f7' } }
---

--- 2026-06-16T20:57:06.948Z debug
[InspectorProxyWorker] SEND TO RUNTIME {"method":"Runtime.getIsolateId","id":100000318}
---

--- 2026-06-16T20:57:06.948Z debug
[InspectorProxyWorker] RUNTIME INCOMING MESSAGE { id: 100000318, result: { id: '93e61710153646f7' } }
---

--- 2026-06-16T20:57:16.947Z debug
[InspectorProxyWorker] SEND TO RUNTIME {"method":"Runtime.getIsolateId","id":100000319}
---

--- 2026-06-16T20:57:16.947Z debug
[InspectorProxyWorker] RUNTIME INCOMING MESSAGE { id: 100000319, result: { id: '93e61710153646f7' } }
---

--- 2026-06-16T20:57:26.957Z debug
[InspectorProxyWorker] SEND TO RUNTIME {"method":"Runtime.getIsolateId","id":100000320}
---

--- 2026-06-16T20:57:26.957Z debug
[InspectorProxyWorker] RUNTIME INCOMING MESSAGE { id: 100000320, result: { id: '93e61710153646f7' } }
---

--- 2026-06-16T20:57:36.950Z debug
[InspectorProxyWorker] RUNTIME INCOMING MESSAGE { id: 100000321, result: { id: '93e61710153646f7' } }
---

--- 2026-06-16T20:57:36.951Z debug
[InspectorProxyWorker] SEND TO RUNTIME {"method":"Runtime.getIsolateId","id":100000321}
---

--- 2026-06-16T20:57:46.937Z debug
[InspectorProxyWorker] SEND TO RUNTIME {"method":"Runtime.getIsolateId","id":100000322}
---

--- 2026-06-16T20:57:46.937Z debug
[InspectorProxyWorker] RUNTIME INCOMING MESSAGE { id: 100000322, result: { id: '93e61710153646f7' } }
---

--- 2026-06-16T20:57:56.950Z debug
[InspectorProxyWorker] SEND TO RUNTIME {"method":"Runtime.getIsolateId","id":100000323}
---

--- 2026-06-16T20:57:56.951Z debug
[InspectorProxyWorker] RUNTIME INCOMING MESSAGE { id: 100000323, result: { id: '93e61710153646f7' } }
---

--- 2026-06-16T20:58:06.944Z debug
[InspectorProxyWorker] SEND TO RUNTIME {"method":"Runtime.getIsolateId","id":100000324}
---

--- 2026-06-16T20:58:06.944Z debug
[InspectorProxyWorker] RUNTIME INCOMING MESSAGE { id: 100000324, result: { id: '93e61710153646f7' } }
---

--- 2026-06-16T20:58:16.952Z debug
[InspectorProxyWorker] SEND TO RUNTIME {"method":"Runtime.getIsolateId","id":100000325}
---

--- 2026-06-16T20:58:16.952Z debug
[InspectorProxyWorker] RUNTIME INCOMING MESSAGE { id: 100000325, result: { id: '93e61710153646f7' } }
---

--- 2026-06-16T20:58:26.944Z debug
[InspectorProxyWorker] SEND TO RUNTIME {"method":"Runtime.getIsolateId","id":100000326}
---

--- 2026-06-16T20:58:26.945Z debug
[InspectorProxyWorker] RUNTIME INCOMING MESSAGE { id: 100000326, result: { id: '93e61710153646f7' } }
---

--- 2026-06-16T20:58:36.952Z debug
[InspectorProxyWorker] RUNTIME INCOMING MESSAGE { id: 100000327, result: { id: '93e61710153646f7' } }
---

--- 2026-06-16T20:58:36.953Z debug
[InspectorProxyWorker] SEND TO RUNTIME {"method":"Runtime.getIsolateId","id":100000327}
---

--- 2026-06-16T20:58:46.949Z debug
[InspectorProxyWorker] RUNTIME INCOMING MESSAGE { id: 100000328, result: { id: '93e61710153646f7' } }
---

--- 2026-06-16T20:58:46.950Z debug
[InspectorProxyWorker] SEND TO RUNTIME {"method":"Runtime.getIsolateId","id":100000328}
---

--- 2026-06-16T20:58:56.951Z debug
[InspectorProxyWorker] SEND TO RUNTIME {"method":"Runtime.getIsolateId","id":100000329}
---

--- 2026-06-16T20:58:56.953Z debug
[InspectorProxyWorker] RUNTIME INCOMING MESSAGE { id: 100000329, result: { id: '93e61710153646f7' } }
---

--- 2026-06-16T20:59:06.948Z debug
[InspectorProxyWorker] SEND TO RUNTIME {"method":"Runtime.getIsolateId","id":100000330}
---

--- 2026-06-16T20:59:06.948Z debug
[InspectorProxyWorker] RUNTIME INCOMING MESSAGE { id: 100000330, result: { id: '93e61710153646f7' } }
---

--- 2026-06-16T20:59:16.952Z debug
[InspectorProxyWorker] RUNTIME INCOMING MESSAGE { id: 100000331, result: { id: '93e61710153646f7' } }
---

--- 2026-06-16T20:59:16.953Z debug
[InspectorProxyWorker] SEND TO RUNTIME {"method":"Runtime.getIsolateId","id":100000331}
---

--- 2026-06-16T20:59:26.950Z debug
[InspectorProxyWorker] SEND TO RUNTIME {"method":"Runtime.getIsolateId","id":100000332}
---

--- 2026-06-16T20:59:26.951Z debug
[InspectorProxyWorker] RUNTIME INCOMING MESSAGE { id: 100000332, result: { id: '93e61710153646f7' } }
---

--- 2026-06-16T20:59:36.939Z debug
[InspectorProxyWorker] SEND TO RUNTIME {"method":"Runtime.getIsolateId","id":100000333}
---

--- 2026-06-16T20:59:36.940Z debug
[InspectorProxyWorker] RUNTIME INCOMING MESSAGE { id: 100000333, result: { id: '93e61710153646f7' } }
---

--- 2026-06-16T20:59:46.939Z debug
[InspectorProxyWorker] RUNTIME INCOMING MESSAGE { id: 100000334, result: { id: '93e61710153646f7' } }
---

--- 2026-06-16T20:59:46.939Z debug
[InspectorProxyWorker] SEND TO RUNTIME {"method":"Runtime.getIsolateId","id":100000334}
---

--- 2026-06-16T20:59:56.955Z debug
[InspectorProxyWorker] SEND TO RUNTIME {"method":"Runtime.getIsolateId","id":100000335}
---

--- 2026-06-16T20:59:56.956Z debug
[InspectorProxyWorker] RUNTIME INCOMING MESSAGE { id: 100000335, result: { id: '93e61710153646f7' } }
---

--- 2026-06-16T21:00:06.951Z debug
[InspectorProxyWorker] RUNTIME INCOMING MESSAGE { id: 100000336, result: { id: '93e61710153646f7' } }
---

--- 2026-06-16T21:00:06.952Z debug
[InspectorProxyWorker] SEND TO RUNTIME {"method":"Runtime.getIsolateId","id":100000336}
---

--- 2026-06-16T21:00:16.950Z debug
[InspectorProxyWorker] RUNTIME INCOMING MESSAGE { id: 100000337, result: { id: '93e61710153646f7' } }
---

--- 2026-06-16T21:00:16.951Z debug
[InspectorProxyWorker] SEND TO RUNTIME {"method":"Runtime.getIsolateId","id":100000337}
---

--- 2026-06-16T21:00:26.947Z debug
[InspectorProxyWorker] RUNTIME INCOMING MESSAGE { id: 100000338, result: { id: '93e61710153646f7' } }
---

--- 2026-06-16T21:00:26.948Z debug
[InspectorProxyWorker] SEND TO RUNTIME {"method":"Runtime.getIsolateId","id":100000338}
---

--- 2026-06-16T21:00:36.945Z debug
[InspectorProxyWorker] RUNTIME INCOMING MESSAGE { id: 100000339, result: { id: '93e61710153646f7' } }
---

--- 2026-06-16T21:00:36.946Z debug
[InspectorProxyWorker] SEND TO RUNTIME {"method":"Runtime.getIsolateId","id":100000339}
---

--- 2026-06-16T21:00:46.945Z debug
[InspectorProxyWorker] SEND TO RUNTIME {"method":"Runtime.getIsolateId","id":100000340}
---

--- 2026-06-16T21:00:46.945Z debug
[InspectorProxyWorker] RUNTIME INCOMING MESSAGE { id: 100000340, result: { id: '93e61710153646f7' } }
---

--- 2026-06-16T21:00:56.943Z debug
[InspectorProxyWorker] SEND TO RUNTIME {"method":"Runtime.getIsolateId","id":100000341}
---

--- 2026-06-16T21:00:56.944Z debug
[InspectorProxyWorker] RUNTIME INCOMING MESSAGE { id: 100000341, result: { id: '93e61710153646f7' } }
---

--- 2026-06-16T21:01:06.940Z debug
[InspectorProxyWorker] RUNTIME INCOMING MESSAGE { id: 100000342, result: { id: '93e61710153646f7' } }
---

--- 2026-06-16T21:01:06.940Z debug
[InspectorProxyWorker] SEND TO RUNTIME {"method":"Runtime.getIsolateId","id":100000342}
---

--- 2026-06-16T21:01:16.938Z debug
[InspectorProxyWorker] RUNTIME INCOMING MESSAGE { id: 100000343, result: { id: '93e61710153646f7' } }
---

--- 2026-06-16T21:01:16.939Z debug
[InspectorProxyWorker] SEND TO RUNTIME {"method":"Runtime.getIsolateId","id":100000343}
---

--- 2026-06-16T21:01:26.938Z debug
[InspectorProxyWorker] SEND TO RUNTIME {"method":"Runtime.getIsolateId","id":100000344}
---

--- 2026-06-16T21:01:26.938Z debug
[InspectorProxyWorker] RUNTIME INCOMING MESSAGE { id: 100000344, result: { id: '93e61710153646f7' } }
---

--- 2026-06-16T21:01:36.945Z debug
[InspectorProxyWorker] RUNTIME INCOMING MESSAGE { id: 100000345, result: { id: '93e61710153646f7' } }
---

--- 2026-06-16T21:01:36.947Z debug
[InspectorProxyWorker] SEND TO RUNTIME {"method":"Runtime.getIsolateId","id":100000345}
---

--- 2026-06-16T21:01:46.943Z debug
[InspectorProxyWorker] RUNTIME INCOMING MESSAGE { id: 100000346, result: { id: '93e61710153646f7' } }
---

--- 2026-06-16T21:01:46.943Z debug
[InspectorProxyWorker] SEND TO RUNTIME {"method":"Runtime.getIsolateId","id":100000346}
---

--- 2026-06-16T21:01:56.938Z debug
[InspectorProxyWorker] SEND TO RUNTIME {"method":"Runtime.getIsolateId","id":100000347}
---

--- 2026-06-16T21:01:56.938Z debug
[InspectorProxyWorker] RUNTIME INCOMING MESSAGE { id: 100000347, result: { id: '93e61710153646f7' } }
---

--- 2026-06-16T21:02:06.947Z debug
[InspectorProxyWorker] RUNTIME INCOMING MESSAGE { id: 100000348, result: { id: '93e61710153646f7' } }
---

--- 2026-06-16T21:02:06.947Z debug
[InspectorProxyWorker] SEND TO RUNTIME {"method":"Runtime.getIsolateId","id":100000348}
---

--- 2026-06-16T21:02:16.937Z debug
[InspectorProxyWorker] SEND TO RUNTIME {"method":"Runtime.getIsolateId","id":100000349}
---

--- 2026-06-16T21:02:16.938Z debug
[InspectorProxyWorker] RUNTIME INCOMING MESSAGE { id: 100000349, result: { id: '93e61710153646f7' } }
---

--- 2026-06-16T21:02:26.947Z debug
[InspectorProxyWorker] SEND TO RUNTIME {"method":"Runtime.getIsolateId","id":100000350}
---

--- 2026-06-16T21:02:26.948Z debug
[InspectorProxyWorker] RUNTIME INCOMING MESSAGE { id: 100000350, result: { id: '93e61710153646f7' } }
---

--- 2026-06-16T21:02:36.949Z debug
[InspectorProxyWorker] RUNTIME INCOMING MESSAGE { id: 100000351, result: { id: '93e61710153646f7' } }
---

--- 2026-06-16T21:02:36.950Z debug
[InspectorProxyWorker] SEND TO RUNTIME {"method":"Runtime.getIsolateId","id":100000351}
---

--- 2026-06-16T21:02:46.939Z debug
[InspectorProxyWorker] SEND TO RUNTIME {"method":"Runtime.getIsolateId","id":100000352}
---

--- 2026-06-16T21:02:46.940Z debug
[InspectorProxyWorker] RUNTIME INCOMING MESSAGE { id: 100000352, result: { id: '93e61710153646f7' } }
---

--- 2026-06-16T21:02:56.952Z debug
[InspectorProxyWorker] RUNTIME INCOMING MESSAGE { id: 100000353, result: { id: '93e61710153646f7' } }
---

--- 2026-06-16T21:02:56.952Z debug
[InspectorProxyWorker] SEND TO RUNTIME {"method":"Runtime.getIsolateId","id":100000353}
---

--- 2026-06-16T21:03:06.939Z debug
[InspectorProxyWorker] SEND TO RUNTIME {"method":"Runtime.getIsolateId","id":100000354}
---

--- 2026-06-16T21:03:06.939Z debug
[InspectorProxyWorker] RUNTIME INCOMING MESSAGE { id: 100000354, result: { id: '93e61710153646f7' } }
---

--- 2026-06-16T21:03:16.952Z debug
[InspectorProxyWorker] RUNTIME INCOMING MESSAGE { id: 100000355, result: { id: '93e61710153646f7' } }
---

--- 2026-06-16T21:03:16.952Z debug
[InspectorProxyWorker] SEND TO RUNTIME {"method":"Runtime.getIsolateId","id":100000355}
---

--- 2026-06-16T21:03:26.948Z debug
[InspectorProxyWorker] RUNTIME INCOMING MESSAGE { id: 100000356, result: { id: '93e61710153646f7' } }
---

--- 2026-06-16T21:03:26.949Z debug
[InspectorProxyWorker] SEND TO RUNTIME {"method":"Runtime.getIsolateId","id":100000356}
---

--- 2026-06-16T21:03:36.950Z debug
[InspectorProxyWorker] RUNTIME INCOMING MESSAGE { id: 100000357, result: { id: '93e61710153646f7' } }
---

--- 2026-06-16T21:03:36.951Z debug
[InspectorProxyWorker] SEND TO RUNTIME {"method":"Runtime.getIsolateId","id":100000357}
---

--- 2026-06-16T21:03:46.940Z debug
[InspectorProxyWorker] SEND TO RUNTIME {"method":"Runtime.getIsolateId","id":100000358}
---

--- 2026-06-16T21:03:46.940Z debug
[InspectorProxyWorker] RUNTIME INCOMING MESSAGE { id: 100000358, result: { id: '93e61710153646f7' } }
---

--- 2026-06-16T21:03:56.947Z debug
[InspectorProxyWorker] SEND TO RUNTIME {"method":"Runtime.getIsolateId","id":100000359}
---

--- 2026-06-16T21:03:56.947Z debug
[InspectorProxyWorker] RUNTIME INCOMING MESSAGE { id: 100000359, result: { id: '93e61710153646f7' } }
---

--- 2026-06-16T21:04:06.952Z debug
[InspectorProxyWorker] SEND TO RUNTIME {"method":"Runtime.getIsolateId","id":100000360}
---

--- 2026-06-16T21:04:06.953Z debug
[InspectorProxyWorker] RUNTIME INCOMING MESSAGE { id: 100000360, result: { id: '93e61710153646f7' } }
---

--- 2026-06-16T21:04:16.949Z debug
[InspectorProxyWorker] RUNTIME INCOMING MESSAGE { id: 100000361, result: { id: '93e61710153646f7' } }
---

--- 2026-06-16T21:04:16.949Z debug
[InspectorProxyWorker] SEND TO RUNTIME {"method":"Runtime.getIsolateId","id":100000361}
---

--- 2026-06-16T21:04:26.941Z debug
[InspectorProxyWorker] RUNTIME INCOMING MESSAGE { id: 100000362, result: { id: '93e61710153646f7' } }
---

--- 2026-06-16T21:04:26.941Z debug
[InspectorProxyWorker] SEND TO RUNTIME {"method":"Runtime.getIsolateId","id":100000362}
---

--- 2026-06-16T21:04:36.949Z debug
[InspectorProxyWorker] SEND TO RUNTIME {"method":"Runtime.getIsolateId","id":100000363}
---

--- 2026-06-16T21:04:36.949Z debug
[InspectorProxyWorker] RUNTIME INCOMING MESSAGE { id: 100000363, result: { id: '93e61710153646f7' } }
---

--- 2026-06-16T21:04:46.946Z debug
[InspectorProxyWorker] RUNTIME INCOMING MESSAGE { id: 100000364, result: { id: '93e61710153646f7' } }
---

--- 2026-06-16T21:04:46.946Z debug
[InspectorProxyWorker] SEND TO RUNTIME {"method":"Runtime.getIsolateId","id":100000364}
---

--- 2026-06-16T21:04:56.947Z debug
[InspectorProxyWorker] RUNTIME INCOMING MESSAGE { id: 100000365, result: { id: '93e61710153646f7' } }
---

--- 2026-06-16T21:04:56.948Z debug
[InspectorProxyWorker] SEND TO RUNTIME {"method":"Runtime.getIsolateId","id":100000365}
---

--- 2026-06-16T21:05:06.950Z debug
[InspectorProxyWorker] SEND TO RUNTIME {"method":"Runtime.getIsolateId","id":100000366}
---

--- 2026-06-16T21:05:06.951Z debug
[InspectorProxyWorker] RUNTIME INCOMING MESSAGE { id: 100000366, result: { id: '93e61710153646f7' } }
---

--- 2026-06-16T21:05:16.938Z debug
[InspectorProxyWorker] RUNTIME INCOMING MESSAGE { id: 100000367, result: { id: '93e61710153646f7' } }
---

--- 2026-06-16T21:05:16.938Z debug
[InspectorProxyWorker] SEND TO RUNTIME {"method":"Runtime.getIsolateId","id":100000367}
---

--- 2026-06-16T21:05:26.949Z debug
[InspectorProxyWorker] SEND TO RUNTIME {"method":"Runtime.getIsolateId","id":100000368}
---

--- 2026-06-16T21:05:26.950Z debug
[InspectorProxyWorker] RUNTIME INCOMING MESSAGE { id: 100000368, result: { id: '93e61710153646f7' } }
---

--- 2026-06-16T21:05:36.952Z debug
[InspectorProxyWorker] RUNTIME INCOMING MESSAGE { id: 100000369, result: { id: '93e61710153646f7' } }
---

--- 2026-06-16T21:05:36.953Z debug
[InspectorProxyWorker] SEND TO RUNTIME {"method":"Runtime.getIsolateId","id":100000369}
---

--- 2026-06-16T21:05:46.938Z debug
[InspectorProxyWorker] RUNTIME INCOMING MESSAGE { id: 100000370, result: { id: '93e61710153646f7' } }
---

--- 2026-06-16T21:05:46.938Z debug
[InspectorProxyWorker] SEND TO RUNTIME {"method":"Runtime.getIsolateId","id":100000370}
---

--- 2026-06-16T21:05:56.952Z debug
[InspectorProxyWorker] RUNTIME INCOMING MESSAGE { id: 100000371, result: { id: '93e61710153646f7' } }
---

--- 2026-06-16T21:05:56.952Z debug
[InspectorProxyWorker] SEND TO RUNTIME {"method":"Runtime.getIsolateId","id":100000371}
---

--- 2026-06-16T21:06:06.945Z debug
[InspectorProxyWorker] SEND TO RUNTIME {"method":"Runtime.getIsolateId","id":100000372}
---

--- 2026-06-16T21:06:06.946Z debug
[InspectorProxyWorker] RUNTIME INCOMING MESSAGE { id: 100000372, result: { id: '93e61710153646f7' } }
---

--- 2026-06-16T21:06:16.944Z debug
[InspectorProxyWorker] SEND TO RUNTIME {"method":"Runtime.getIsolateId","id":100000373}
---

--- 2026-06-16T21:06:16.944Z debug
[InspectorProxyWorker] RUNTIME INCOMING MESSAGE { id: 100000373, result: { id: '93e61710153646f7' } }
---

--- 2026-06-16T21:06:26.950Z debug
[InspectorProxyWorker] SEND TO RUNTIME {"method":"Runtime.getIsolateId","id":100000374}
---

--- 2026-06-16T21:06:26.950Z debug
[InspectorProxyWorker] RUNTIME INCOMING MESSAGE { id: 100000374, result: { id: '93e61710153646f7' } }
---

--- 2026-06-16T21:06:36.948Z debug
[InspectorProxyWorker] SEND TO RUNTIME {"method":"Runtime.getIsolateId","id":100000375}
---

--- 2026-06-16T21:06:36.950Z debug
[InspectorProxyWorker] RUNTIME INCOMING MESSAGE { id: 100000375, result: { id: '93e61710153646f7' } }
---

--- 2026-06-16T21:06:46.950Z debug
[InspectorProxyWorker] RUNTIME INCOMING MESSAGE { id: 100000376, result: { id: '93e61710153646f7' } }
---

--- 2026-06-16T21:06:46.951Z debug
[InspectorProxyWorker] SEND TO RUNTIME {"method":"Runtime.getIsolateId","id":100000376}
---

--- 2026-06-16T21:06:56.950Z debug
[InspectorProxyWorker] SEND TO RUNTIME {"method":"Runtime.getIsolateId","id":100000377}
---

--- 2026-06-16T21:06:56.950Z debug
[InspectorProxyWorker] RUNTIME INCOMING MESSAGE { id: 100000377, result: { id: '93e61710153646f7' } }
---

--- 2026-06-16T21:07:06.945Z debug
[InspectorProxyWorker] RUNTIME INCOMING MESSAGE { id: 100000378, result: { id: '93e61710153646f7' } }
---

--- 2026-06-16T21:07:06.945Z debug
[InspectorProxyWorker] SEND TO RUNTIME {"method":"Runtime.getIsolateId","id":100000378}
---

--- 2026-06-16T21:07:16.941Z debug
[InspectorProxyWorker] SEND TO RUNTIME {"method":"Runtime.getIsolateId","id":100000379}
---

--- 2026-06-16T21:07:16.941Z debug
[InspectorProxyWorker] RUNTIME INCOMING MESSAGE { id: 100000379, result: { id: '93e61710153646f7' } }
---

--- 2026-06-16T21:07:26.949Z debug
[InspectorProxyWorker] SEND TO RUNTIME {"method":"Runtime.getIsolateId","id":100000380}
---

--- 2026-06-16T21:07:26.950Z debug
[InspectorProxyWorker] RUNTIME INCOMING MESSAGE { id: 100000380, result: { id: '93e61710153646f7' } }
---

--- 2026-06-16T21:07:36.943Z debug
[InspectorProxyWorker] SEND TO RUNTIME {"method":"Runtime.getIsolateId","id":100000381}
---

--- 2026-06-16T21:07:36.943Z debug
[InspectorProxyWorker] RUNTIME INCOMING MESSAGE { id: 100000381, result: { id: '93e61710153646f7' } }
---

--- 2026-06-16T21:07:46.950Z debug
[InspectorProxyWorker] RUNTIME INCOMING MESSAGE { id: 100000382, result: { id: '93e61710153646f7' } }
---

--- 2026-06-16T21:07:46.951Z debug
[InspectorProxyWorker] SEND TO RUNTIME {"method":"Runtime.getIsolateId","id":100000382}
---

--- 2026-06-16T21:07:56.937Z debug
[InspectorProxyWorker] SEND TO RUNTIME {"method":"Runtime.getIsolateId","id":100000383}
---

--- 2026-06-16T21:07:56.938Z debug
[InspectorProxyWorker] RUNTIME INCOMING MESSAGE { id: 100000383, result: { id: '93e61710153646f7' } }
---

--- 2026-06-16T21:08:06.946Z debug
[InspectorProxyWorker] RUNTIME INCOMING MESSAGE { id: 100000384, result: { id: '93e61710153646f7' } }
---

--- 2026-06-16T21:08:06.946Z debug
[InspectorProxyWorker] SEND TO RUNTIME {"method":"Runtime.getIsolateId","id":100000384}
---

--- 2026-06-16T21:08:16.950Z debug
[InspectorProxyWorker] RUNTIME INCOMING MESSAGE { id: 100000385, result: { id: '93e61710153646f7' } }
---

--- 2026-06-16T21:08:16.950Z debug
[InspectorProxyWorker] SEND TO RUNTIME {"method":"Runtime.getIsolateId","id":100000385}
---

--- 2026-06-16T21:08:26.940Z debug
[InspectorProxyWorker] RUNTIME INCOMING MESSAGE { id: 100000386, result: { id: '93e61710153646f7' } }
---

--- 2026-06-16T21:08:26.940Z debug
[InspectorProxyWorker] SEND TO RUNTIME {"method":"Runtime.getIsolateId","id":100000386}
---

--- 2026-06-16T21:08:36.950Z debug
[InspectorProxyWorker] RUNTIME INCOMING MESSAGE { id: 100000387, result: { id: '93e61710153646f7' } }
---

--- 2026-06-16T21:08:36.951Z debug
[InspectorProxyWorker] SEND TO RUNTIME {"method":"Runtime.getIsolateId","id":100000387}
---

--- 2026-06-16T21:08:46.940Z debug
[InspectorProxyWorker] RUNTIME INCOMING MESSAGE { id: 100000388, result: { id: '93e61710153646f7' } }
---

--- 2026-06-16T21:08:46.941Z debug
[InspectorProxyWorker] SEND TO RUNTIME {"method":"Runtime.getIsolateId","id":100000388}
---

--- 2026-06-16T21:08:56.951Z debug
[InspectorProxyWorker] RUNTIME INCOMING MESSAGE { id: 100000389, result: { id: '93e61710153646f7' } }
---

--- 2026-06-16T21:08:56.952Z debug
[InspectorProxyWorker] SEND TO RUNTIME {"method":"Runtime.getIsolateId","id":100000389}
---

--- 2026-06-16T21:09:06.947Z debug
[InspectorProxyWorker] RUNTIME INCOMING MESSAGE { id: 100000390, result: { id: '93e61710153646f7' } }
---

--- 2026-06-16T21:09:06.947Z debug
[InspectorProxyWorker] SEND TO RUNTIME {"method":"Runtime.getIsolateId","id":100000390}
---

--- 2026-06-16T21:09:16.939Z debug
[InspectorProxyWorker] RUNTIME INCOMING MESSAGE { id: 100000391, result: { id: '93e61710153646f7' } }
---

--- 2026-06-16T21:09:16.941Z debug
[InspectorProxyWorker] SEND TO RUNTIME {"method":"Runtime.getIsolateId","id":100000391}
---

--- 2026-06-16T21:09:26.942Z debug
[InspectorProxyWorker] SEND TO RUNTIME {"method":"Runtime.getIsolateId","id":100000392}
---

--- 2026-06-16T21:09:26.943Z debug
[InspectorProxyWorker] RUNTIME INCOMING MESSAGE { id: 100000392, result: { id: '93e61710153646f7' } }
---

--- 2026-06-16T21:09:36.947Z debug
[InspectorProxyWorker] SEND TO RUNTIME {"method":"Runtime.getIsolateId","id":100000393}
---

--- 2026-06-16T21:09:36.947Z debug
[InspectorProxyWorker] RUNTIME INCOMING MESSAGE { id: 100000393, result: { id: '93e61710153646f7' } }
---

--- 2026-06-16T21:09:46.948Z debug
[InspectorProxyWorker] SEND TO RUNTIME {"method":"Runtime.getIsolateId","id":100000394}
---

--- 2026-06-16T21:09:46.949Z debug
[InspectorProxyWorker] RUNTIME INCOMING MESSAGE { id: 100000394, result: { id: '93e61710153646f7' } }
---

--- 2026-06-16T21:09:56.944Z debug
[InspectorProxyWorker] RUNTIME INCOMING MESSAGE { id: 100000395, result: { id: '93e61710153646f7' } }
---

--- 2026-06-16T21:09:56.945Z debug
[InspectorProxyWorker] SEND TO RUNTIME {"method":"Runtime.getIsolateId","id":100000395}
---

--- 2026-06-16T21:10:06.947Z debug
[InspectorProxyWorker] SEND TO RUNTIME {"method":"Runtime.getIsolateId","id":100000396}
---

--- 2026-06-16T21:10:06.947Z debug
[InspectorProxyWorker] RUNTIME INCOMING MESSAGE { id: 100000396, result: { id: '93e61710153646f7' } }
---

--- 2026-06-16T21:10:16.946Z debug
[InspectorProxyWorker] RUNTIME INCOMING MESSAGE { id: 100000397, result: { id: '93e61710153646f7' } }
---

--- 2026-06-16T21:10:16.947Z debug
[InspectorProxyWorker] SEND TO RUNTIME {"method":"Runtime.getIsolateId","id":100000397}
---

--- 2026-06-16T21:10:26.946Z debug
[InspectorProxyWorker] SEND TO RUNTIME {"method":"Runtime.getIsolateId","id":100000398}
---

--- 2026-06-16T21:10:26.947Z debug
[InspectorProxyWorker] RUNTIME INCOMING MESSAGE { id: 100000398, result: { id: '93e61710153646f7' } }
---

--- 2026-06-16T21:10:36.939Z debug
[InspectorProxyWorker] RUNTIME INCOMING MESSAGE { id: 100000399, result: { id: '93e61710153646f7' } }
---

--- 2026-06-16T21:10:36.940Z debug
[InspectorProxyWorker] SEND TO RUNTIME {"method":"Runtime.getIsolateId","id":100000399}
---

--- 2026-06-16T21:10:46.951Z debug
[InspectorProxyWorker] SEND TO RUNTIME {"method":"Runtime.getIsolateId","id":100000400}
---

--- 2026-06-16T21:10:46.951Z debug
[InspectorProxyWorker] RUNTIME INCOMING MESSAGE { id: 100000400, result: { id: '93e61710153646f7' } }
---

--- 2026-06-16T21:10:56.944Z debug
[InspectorProxyWorker] SEND TO RUNTIME {"method":"Runtime.getIsolateId","id":100000401}
---

--- 2026-06-16T21:10:56.945Z debug
[InspectorProxyWorker] RUNTIME INCOMING MESSAGE { id: 100000401, result: { id: '93e61710153646f7' } }
---

--- 2026-06-16T21:11:06.940Z debug
[InspectorProxyWorker] RUNTIME INCOMING MESSAGE { id: 100000402, result: { id: '93e61710153646f7' } }
---

--- 2026-06-16T21:11:06.941Z debug
[InspectorProxyWorker] SEND TO RUNTIME {"method":"Runtime.getIsolateId","id":100000402}
---

--- 2026-06-16T21:11:16.948Z debug
[InspectorProxyWorker] RUNTIME INCOMING MESSAGE { id: 100000403, result: { id: '93e61710153646f7' } }
---

--- 2026-06-16T21:11:16.949Z debug
[InspectorProxyWorker] SEND TO RUNTIME {"method":"Runtime.getIsolateId","id":100000403}
---

--- 2026-06-16T21:11:26.942Z debug
[InspectorProxyWorker] SEND TO RUNTIME {"method":"Runtime.getIsolateId","id":100000404}
---

--- 2026-06-16T21:11:26.943Z debug
[InspectorProxyWorker] RUNTIME INCOMING MESSAGE { id: 100000404, result: { id: '93e61710153646f7' } }
---

--- 2026-06-16T21:11:36.941Z debug
[InspectorProxyWorker] RUNTIME INCOMING MESSAGE { id: 100000405, result: { id: '93e61710153646f7' } }
---

--- 2026-06-16T21:11:36.941Z debug
[InspectorProxyWorker] SEND TO RUNTIME {"method":"Runtime.getIsolateId","id":100000405}
---

--- 2026-06-16T21:11:46.940Z debug
[InspectorProxyWorker] SEND TO RUNTIME {"method":"Runtime.getIsolateId","id":100000406}
---

--- 2026-06-16T21:11:46.940Z debug
[InspectorProxyWorker] RUNTIME INCOMING MESSAGE { id: 100000406, result: { id: '93e61710153646f7' } }
---

--- 2026-06-16T21:11:56.948Z debug
[InspectorProxyWorker] RUNTIME INCOMING MESSAGE { id: 100000407, result: { id: '93e61710153646f7' } }
---

--- 2026-06-16T21:11:56.949Z debug
[InspectorProxyWorker] SEND TO RUNTIME {"method":"Runtime.getIsolateId","id":100000407}
---

--- 2026-06-16T21:12:06.953Z debug
[InspectorProxyWorker] SEND TO RUNTIME {"method":"Runtime.getIsolateId","id":100000408}
---

--- 2026-06-16T21:12:06.954Z debug
[InspectorProxyWorker] RUNTIME INCOMING MESSAGE { id: 100000408, result: { id: '93e61710153646f7' } }
---

--- 2026-06-16T21:12:16.938Z debug
[InspectorProxyWorker] SEND TO RUNTIME {"method":"Runtime.getIsolateId","id":100000409}
---

--- 2026-06-16T21:12:16.939Z debug
[InspectorProxyWorker] RUNTIME INCOMING MESSAGE { id: 100000409, result: { id: '93e61710153646f7' } }
---

--- 2026-06-16T21:12:26.951Z debug
[InspectorProxyWorker] SEND TO RUNTIME {"method":"Runtime.getIsolateId","id":100000410}
---

--- 2026-06-16T21:12:26.952Z debug
[InspectorProxyWorker] RUNTIME INCOMING MESSAGE { id: 100000410, result: { id: '93e61710153646f7' } }
---

--- 2026-06-16T21:12:36.941Z debug
[InspectorProxyWorker] RUNTIME INCOMING MESSAGE { id: 100000411, result: { id: '93e61710153646f7' } }
---

--- 2026-06-16T21:12:36.941Z debug
[InspectorProxyWorker] SEND TO RUNTIME {"method":"Runtime.getIsolateId","id":100000411}
---

--- 2026-06-16T21:12:46.940Z debug
[InspectorProxyWorker] SEND TO RUNTIME {"method":"Runtime.getIsolateId","id":100000412}
---

--- 2026-06-16T21:12:46.941Z debug
[InspectorProxyWorker] RUNTIME INCOMING MESSAGE { id: 100000412, result: { id: '93e61710153646f7' } }
---

--- 2026-06-16T21:12:56.943Z debug
[InspectorProxyWorker] RUNTIME INCOMING MESSAGE { id: 100000413, result: { id: '93e61710153646f7' } }
---

--- 2026-06-16T21:12:56.943Z debug
[InspectorProxyWorker] SEND TO RUNTIME {"method":"Runtime.getIsolateId","id":100000413}
---

--- 2026-06-16T21:13:06.939Z debug
[InspectorProxyWorker] RUNTIME INCOMING MESSAGE { id: 100000414, result: { id: '93e61710153646f7' } }
---

--- 2026-06-16T21:13:06.940Z debug
[InspectorProxyWorker] SEND TO RUNTIME {"method":"Runtime.getIsolateId","id":100000414}
---

--- 2026-06-16T21:13:16.950Z debug
[InspectorProxyWorker] SEND TO RUNTIME {"method":"Runtime.getIsolateId","id":100000415}
---

--- 2026-06-16T21:13:16.950Z debug
[InspectorProxyWorker] RUNTIME INCOMING MESSAGE { id: 100000415, result: { id: '93e61710153646f7' } }
---

--- 2026-06-16T21:13:26.943Z debug
[InspectorProxyWorker] SEND TO RUNTIME {"method":"Runtime.getIsolateId","id":100000416}
---

--- 2026-06-16T21:13:26.944Z debug
[InspectorProxyWorker] RUNTIME INCOMING MESSAGE { id: 100000416, result: { id: '93e61710153646f7' } }
---

--- 2026-06-16T21:13:36.940Z debug
[InspectorProxyWorker] RUNTIME INCOMING MESSAGE { id: 100000417, result: { id: '93e61710153646f7' } }
---

--- 2026-06-16T21:13:36.941Z debug
[InspectorProxyWorker] SEND TO RUNTIME {"method":"Runtime.getIsolateId","id":100000417}
---

--- 2026-06-16T21:13:46.950Z debug
[InspectorProxyWorker] RUNTIME INCOMING MESSAGE { id: 100000418, result: { id: '93e61710153646f7' } }
---

--- 2026-06-16T21:13:46.950Z debug
[InspectorProxyWorker] SEND TO RUNTIME {"method":"Runtime.getIsolateId","id":100000418}
---

--- 2026-06-16T21:13:56.935Z debug
[InspectorProxyWorker] SEND TO RUNTIME {"method":"Runtime.getIsolateId","id":100000419}
---

--- 2026-06-16T21:13:56.936Z debug
[InspectorProxyWorker] RUNTIME INCOMING MESSAGE { id: 100000419, result: { id: '93e61710153646f7' } }
---

--- 2026-06-16T21:14:06.942Z debug
[InspectorProxyWorker] RUNTIME INCOMING MESSAGE { id: 100000420, result: { id: '93e61710153646f7' } }
---

--- 2026-06-16T21:14:06.942Z debug
[InspectorProxyWorker] SEND TO RUNTIME {"method":"Runtime.getIsolateId","id":100000420}
---

--- 2026-06-16T21:14:16.944Z debug
[InspectorProxyWorker] SEND TO RUNTIME {"method":"Runtime.getIsolateId","id":100000421}
---

--- 2026-06-16T21:14:16.944Z debug
[InspectorProxyWorker] RUNTIME INCOMING MESSAGE { id: 100000421, result: { id: '93e61710153646f7' } }
---

--- 2026-06-16T21:14:26.950Z debug
[InspectorProxyWorker] RUNTIME INCOMING MESSAGE { id: 100000422, result: { id: '93e61710153646f7' } }
---

--- 2026-06-16T21:14:26.951Z debug
[InspectorProxyWorker] SEND TO RUNTIME {"method":"Runtime.getIsolateId","id":100000422}
---

--- 2026-06-16T21:14:36.941Z debug
[InspectorProxyWorker] SEND TO RUNTIME {"method":"Runtime.getIsolateId","id":100000423}
---

--- 2026-06-16T21:14:36.941Z debug
[InspectorProxyWorker] RUNTIME INCOMING MESSAGE { id: 100000423, result: { id: '93e61710153646f7' } }
---

--- 2026-06-16T21:14:46.942Z debug
[InspectorProxyWorker] RUNTIME INCOMING MESSAGE { id: 100000424, result: { id: '93e61710153646f7' } }
---

--- 2026-06-16T21:14:46.943Z debug
[InspectorProxyWorker] SEND TO RUNTIME {"method":"Runtime.getIsolateId","id":100000424}
---

--- 2026-06-16T21:14:56.938Z debug
[InspectorProxyWorker] RUNTIME INCOMING MESSAGE { id: 100000425, result: { id: '93e61710153646f7' } }
---

--- 2026-06-16T21:14:56.938Z debug
[InspectorProxyWorker] SEND TO RUNTIME {"method":"Runtime.getIsolateId","id":100000425}
---

--- 2026-06-16T21:15:06.938Z debug
[InspectorProxyWorker] RUNTIME INCOMING MESSAGE { id: 100000426, result: { id: '93e61710153646f7' } }
---

--- 2026-06-16T21:15:06.938Z debug
[InspectorProxyWorker] SEND TO RUNTIME {"method":"Runtime.getIsolateId","id":100000426}
---

--- 2026-06-16T21:15:16.942Z debug
[InspectorProxyWorker] SEND TO RUNTIME {"method":"Runtime.getIsolateId","id":100000427}
---

--- 2026-06-16T21:15:16.943Z debug
[InspectorProxyWorker] RUNTIME INCOMING MESSAGE { id: 100000427, result: { id: '93e61710153646f7' } }
---

--- 2026-06-16T21:15:26.947Z debug
[InspectorProxyWorker] SEND TO RUNTIME {"method":"Runtime.getIsolateId","id":100000428}
---

--- 2026-06-16T21:15:26.948Z debug
[InspectorProxyWorker] RUNTIME INCOMING MESSAGE { id: 100000428, result: { id: '93e61710153646f7' } }
---

--- 2026-06-16T21:15:36.949Z debug
[InspectorProxyWorker] SEND TO RUNTIME {"method":"Runtime.getIsolateId","id":100000429}
---

--- 2026-06-16T21:15:36.950Z debug
[InspectorProxyWorker] RUNTIME INCOMING MESSAGE { id: 100000429, result: { id: '93e61710153646f7' } }
---

--- 2026-06-16T21:15:46.937Z debug
[InspectorProxyWorker] SEND TO RUNTIME {"method":"Runtime.getIsolateId","id":100000430}
---

--- 2026-06-16T21:15:46.938Z debug
[InspectorProxyWorker] RUNTIME INCOMING MESSAGE { id: 100000430, result: { id: '93e61710153646f7' } }
---

--- 2026-06-16T21:15:56.936Z debug
[InspectorProxyWorker] RUNTIME INCOMING MESSAGE { id: 100000431, result: { id: '93e61710153646f7' } }
---

--- 2026-06-16T21:15:56.936Z debug
[InspectorProxyWorker] SEND TO RUNTIME {"method":"Runtime.getIsolateId","id":100000431}
---

--- 2026-06-16T21:16:06.947Z debug
[InspectorProxyWorker] SEND TO RUNTIME {"method":"Runtime.getIsolateId","id":100000432}
---

--- 2026-06-16T21:16:06.947Z debug
[InspectorProxyWorker] RUNTIME INCOMING MESSAGE { id: 100000432, result: { id: '93e61710153646f7' } }
---

--- 2026-06-16T21:16:16.946Z debug
[InspectorProxyWorker] SEND TO RUNTIME {"method":"Runtime.getIsolateId","id":100000433}
---

--- 2026-06-16T21:16:16.947Z debug
[InspectorProxyWorker] RUNTIME INCOMING MESSAGE { id: 100000433, result: { id: '93e61710153646f7' } }
---

--- 2026-06-16T21:16:26.945Z debug
[InspectorProxyWorker] SEND TO RUNTIME {"method":"Runtime.getIsolateId","id":100000434}
---

--- 2026-06-16T21:16:26.945Z debug
[InspectorProxyWorker] RUNTIME INCOMING MESSAGE { id: 100000434, result: { id: '93e61710153646f7' } }
---

--- 2026-06-16T21:16:36.936Z debug
[InspectorProxyWorker] SEND TO RUNTIME {"method":"Runtime.getIsolateId","id":100000435}
---

--- 2026-06-16T21:16:36.937Z debug
[InspectorProxyWorker] RUNTIME INCOMING MESSAGE { id: 100000435, result: { id: '93e61710153646f7' } }
---

--- 2026-06-16T21:16:46.941Z debug
[InspectorProxyWorker] RUNTIME INCOMING MESSAGE { id: 100000436, result: { id: '93e61710153646f7' } }
---

--- 2026-06-16T21:16:46.942Z debug
[InspectorProxyWorker] SEND TO RUNTIME {"method":"Runtime.getIsolateId","id":100000436}
---

--- 2026-06-16T21:16:56.945Z debug
[InspectorProxyWorker] SEND TO RUNTIME {"method":"Runtime.getIsolateId","id":100000437}
---

--- 2026-06-16T21:16:56.946Z debug
[InspectorProxyWorker] RUNTIME INCOMING MESSAGE { id: 100000437, result: { id: '93e61710153646f7' } }
---

--- 2026-06-16T21:17:06.946Z debug
[InspectorProxyWorker] SEND TO RUNTIME {"method":"Runtime.getIsolateId","id":100000438}
---

--- 2026-06-16T21:17:06.947Z debug
[InspectorProxyWorker] RUNTIME INCOMING MESSAGE { id: 100000438, result: { id: '93e61710153646f7' } }
---

--- 2026-06-16T21:17:16.939Z debug
[InspectorProxyWorker] SEND TO RUNTIME {"method":"Runtime.getIsolateId","id":100000439}
---

--- 2026-06-16T21:17:16.940Z debug
[InspectorProxyWorker] RUNTIME INCOMING MESSAGE { id: 100000439, result: { id: '93e61710153646f7' } }
---

--- 2026-06-16T21:17:26.942Z debug
[InspectorProxyWorker] RUNTIME INCOMING MESSAGE { id: 100000440, result: { id: '93e61710153646f7' } }
---

--- 2026-06-16T21:17:26.942Z debug
[InspectorProxyWorker] SEND TO RUNTIME {"method":"Runtime.getIsolateId","id":100000440}
---

--- 2026-06-16T21:17:36.947Z debug
[InspectorProxyWorker] RUNTIME INCOMING MESSAGE { id: 100000441, result: { id: '93e61710153646f7' } }
---

--- 2026-06-16T21:17:36.947Z debug
[InspectorProxyWorker] SEND TO RUNTIME {"method":"Runtime.getIsolateId","id":100000441}
---

--- 2026-06-16T21:17:46.951Z debug
[InspectorProxyWorker] SEND TO RUNTIME {"method":"Runtime.getIsolateId","id":100000442}
---

--- 2026-06-16T21:17:46.952Z debug
[InspectorProxyWorker] RUNTIME INCOMING MESSAGE { id: 100000442, result: { id: '93e61710153646f7' } }
---

--- 2026-06-16T21:17:56.936Z debug
[InspectorProxyWorker] SEND TO RUNTIME {"method":"Runtime.getIsolateId","id":100000443}
---

--- 2026-06-16T21:17:56.936Z debug
[InspectorProxyWorker] RUNTIME INCOMING MESSAGE { id: 100000443, result: { id: '93e61710153646f7' } }
---

--- 2026-06-16T21:18:06.939Z debug
[InspectorProxyWorker] SEND TO RUNTIME {"method":"Runtime.getIsolateId","id":100000444}
---

--- 2026-06-16T21:18:06.940Z debug
[InspectorProxyWorker] RUNTIME INCOMING MESSAGE { id: 100000444, result: { id: '93e61710153646f7' } }
---

--- 2026-06-16T21:18:16.943Z debug
[InspectorProxyWorker] RUNTIME INCOMING MESSAGE { id: 100000445, result: { id: '93e61710153646f7' } }
---

--- 2026-06-16T21:18:16.943Z debug
[InspectorProxyWorker] SEND TO RUNTIME {"method":"Runtime.getIsolateId","id":100000445}
---

--- 2026-06-16T21:18:26.945Z debug
[InspectorProxyWorker] SEND TO RUNTIME {"method":"Runtime.getIsolateId","id":100000446}
---

--- 2026-06-16T21:18:26.946Z debug
[InspectorProxyWorker] RUNTIME INCOMING MESSAGE { id: 100000446, result: { id: '93e61710153646f7' } }
---

--- 2026-06-16T21:18:36.940Z debug
[InspectorProxyWorker] SEND TO RUNTIME {"method":"Runtime.getIsolateId","id":100000447}
---

--- 2026-06-16T21:18:36.940Z debug
[InspectorProxyWorker] RUNTIME INCOMING MESSAGE { id: 100000447, result: { id: '93e61710153646f7' } }
---

--- 2026-06-16T21:18:46.943Z debug
[InspectorProxyWorker] RUNTIME INCOMING MESSAGE { id: 100000448, result: { id: '93e61710153646f7' } }
---

--- 2026-06-16T21:18:46.944Z debug
[InspectorProxyWorker] SEND TO RUNTIME {"method":"Runtime.getIsolateId","id":100000448}
---

--- 2026-06-16T21:18:56.941Z debug
[InspectorProxyWorker] RUNTIME INCOMING MESSAGE { id: 100000449, result: { id: '93e61710153646f7' } }
---

--- 2026-06-16T21:18:56.942Z debug
[InspectorProxyWorker] SEND TO RUNTIME {"method":"Runtime.getIsolateId","id":100000449}
---

--- 2026-06-16T21:19:06.939Z debug
[InspectorProxyWorker] RUNTIME INCOMING MESSAGE { id: 100000450, result: { id: '93e61710153646f7' } }
---

--- 2026-06-16T21:19:06.940Z debug
[InspectorProxyWorker] SEND TO RUNTIME {"method":"Runtime.getIsolateId","id":100000450}
---

--- 2026-06-16T21:19:16.938Z debug
[InspectorProxyWorker] SEND TO RUNTIME {"method":"Runtime.getIsolateId","id":100000451}
---

--- 2026-06-16T21:19:16.938Z debug
[InspectorProxyWorker] RUNTIME INCOMING MESSAGE { id: 100000451, result: { id: '93e61710153646f7' } }
---

--- 2026-06-16T21:19:26.941Z debug
[InspectorProxyWorker] RUNTIME INCOMING MESSAGE { id: 100000452, result: { id: '93e61710153646f7' } }
---

--- 2026-06-16T21:19:26.942Z debug
[InspectorProxyWorker] SEND TO RUNTIME {"method":"Runtime.getIsolateId","id":100000452}
---

--- 2026-06-16T21:19:36.869Z debug
🌀 "change" event detected at functions\api\public\leads.js.
---

--- 2026-06-16T21:19:36.951Z debug
[InspectorProxyWorker] SEND TO RUNTIME {"method":"Runtime.getIsolateId","id":100000453}
---

--- 2026-06-16T21:19:36.951Z debug
[InspectorProxyWorker] RUNTIME INCOMING MESSAGE { id: 100000453, result: { id: '93e61710153646f7' } }
---

--- 2026-06-16T21:19:37.174Z debug
No experimental flag store instantiated
---

--- 2026-06-16T21:19:37.174Z debug
Attempted to use flag "MULTIWORKER" which has not been instantiated
---

--- 2026-06-16T21:19:37.242Z log
✨ Compiled Worker successfully
---

--- 2026-06-16T21:19:37.245Z debug
Metrics dispatcher: Posting data {"deviceId":"be93b318-2cf3-4b85-b22f-5693b583b5a6","event":"build pages functions","timestamp":1781644777245,"properties":{"category":"Workers","wranglerVersion":"3.114.14","os":"win32:x64"}}
---

--- 2026-06-16T21:19:37.365Z debug
RemoteRuntimeController teardown beginning...
---

--- 2026-06-16T21:19:37.366Z debug
RemoteRuntimeController teardown complete
---

--- 2026-06-16T21:19:37.366Z debug
No experimental flag store instantiated
---

--- 2026-06-16T21:19:37.366Z debug
Attempted to use flag "ASSETS_RPC" which has not been instantiated
---

--- 2026-06-16T21:19:37.366Z log
⎔ Reloading local server...
---

--- 2026-06-16T21:19:37.372Z debug
[InspectorProxyWorker] SEND TO RUNTIME {"method":"Runtime.discardConsoleEntries","id":100000454}
---

--- 2026-06-16T21:19:37.373Z debug
[InspectorProxyWorker] handleProxyControllerIncomingMessage {"type":"reloadStart"}
---

--- 2026-06-16T21:19:37.373Z debug
[InspectorProxyWorker] RUNTIME INCOMING MESSAGE { id: 100000454, result: {} }
---

--- 2026-06-16T21:19:37.394Z debug
[InspectorProxyWorker] RUNTIME WEBSOCKET ERROR {
  message: 'internal error; reference = f33pobvput2pm2igsl17rvfr',
  name: 'Error',
  stack: 'Error: internal error; reference = f33pobvput2pm2igsl17rvfr'
}
---

--- 2026-06-16T21:19:37.395Z debug
[InspectorProxyWorker] 'runtime websocket' error {
  message: 'internal error; reference = f33pobvput2pm2igsl17rvfr',
  name: 'Error',
  stack: 'Error: internal error; reference = f33pobvput2pm2igsl17rvfr'
}
---

--- 2026-06-16T21:19:37.461Z debug
[InspectorProxyWorker] handleProxyControllerIncomingMessage {"type":"reloadComplete","proxyData":{"userWorkerUrl":{"protocol":"http:","hostname":"127.0.0.1","port":"51407"},"userWorkerInspectorUrl":{"protocol":"ws:","hostname":"127.0.0.1","port":"54466","pathname":"/core:user:pandazen-web-gtp"},"userWorkerInnerUrlOverrides":{"protocol":"http:"},"headers":{"MF-Proxy-Shared-Secret":"ebf1b0b4-efed-4f98-b27e-6e66c5488967"},"liveReload":false,"proxyLogsToController":false,"internalDurableObjects":[],"entrypointAddresses":{"__INTERNAL_WRANGLER_MIDDLEWARE__":{"host":"127.0.0.1","port":54469},"default":{"host":"127.0.0.1","port":54470}}}}
---

--- 2026-06-16T21:19:37.462Z debug
[InspectorProxyWorker] reconnectRuntimeWebSocket
---

--- 2026-06-16T21:19:37.463Z debug
[InspectorProxyWorker] NEW RUNTIME WEBSOCKET http://127.0.0.1:54466/core:user:pandazen-web-gtp
---

--- 2026-06-16T21:19:37.463Z debug
[InspectorProxyWorker] SEND TO DEVTOOLS {"method":"Runtime.executionContextsCleared"}
---

--- 2026-06-16T21:19:37.465Z debug
[InspectorProxyWorker] RUNTIME WEBSOCKET OPENED
---

--- 2026-06-16T21:19:37.466Z debug
[InspectorProxyWorker] SEND TO RUNTIME {"method":"Runtime.enable","id":100000455}
---

--- 2026-06-16T21:19:37.466Z debug
[InspectorProxyWorker] SEND TO RUNTIME {"method":"Debugger.enable","id":100000456}
---

--- 2026-06-16T21:19:37.467Z debug
[InspectorProxyWorker] SEND TO RUNTIME {"method":"Network.enable","id":100000457}
---

--- 2026-06-16T21:19:37.468Z debug
[InspectorProxyWorker] RUNTIME INCOMING MESSAGE {
  method: 'Runtime.executionContextCreated',
  params: {
    context: {
      id: 504806497,
      origin: '',
      name: 'Worker',
      uniqueId: '6183644628255297736.7398464394700532636'
    }
  }
}
---

--- 2026-06-16T21:19:37.469Z debug
[InspectorProxyWorker] RUNTIME INCOMING MESSAGE { id: 100000455, result: {} }
---

--- 2026-06-16T21:19:37.470Z debug
[InspectorProxyWorker] RUNTIME INCOMING MESSAGE {
  method: 'Debugger.scriptParsed',
  params: {
    scriptId: '3',
    url: 'file:///C:/Users/sewer/Documents/New%20project%202/pandazen-web-gtp/.wrangler/tmp/dev-oC4yzy/functionsWorker-0.02141303322756971.js',
    startLine: 0,
    startColumn: 0,
    endLine: 6905,
    endColumn: 145,
    executionContextId: 504806497,
    hash: '785aaef9f0c535ba37a7f2bb7fe635ce81951bac4dec3615f89844e193c57c2b',
    buildId: '',
    isLiveEdit: false,
    sourceMapURL: 'functionsWorker-0.02141303322756971.js.map',
    hasSourceURL: true,
    isModule: true,
    length: 267720,
    scriptLanguage: 'JavaScript',
    embedderName: 'functionsWorker-0.02141303322756971.js'
  }
}
---

--- 2026-06-16T21:19:37.471Z debug
[InspectorProxyWorker] RUNTIME INCOMING MESSAGE {
  method: 'Debugger.scriptParsed',
  params: {
    scriptId: '4',
    url: 'cloudflare-internal:d1-api',
    startLine: 0,
    startColumn: 0,
    endLine: 390,
    endColumn: 0,
    executionContextId: 504806497,
    hash: 'f4316a8ee94643f57695b89a32ed3b9c709663174472eaaf27b74b5813eff99e',
    buildId: '',
    isLiveEdit: false,
    sourceMapURL: '',
    hasSourceURL: false,
    isModule: true,
    length: 15076,
    scriptLanguage: 'JavaScript',
    embedderName: 'cloudflare-internal:d1-api'
  }
}
---

--- 2026-06-16T21:19:37.472Z debug
[InspectorProxyWorker] RUNTIME INCOMING MESSAGE {
  id: 100000456,
  result: { debuggerId: '5622880765582295595.9131675234614938557' }
}
---

--- 2026-06-16T21:19:37.473Z debug
[InspectorProxyWorker] RUNTIME INCOMING MESSAGE { id: 100000457, method: 'Network.enable', result: {} }
---

--- 2026-06-16T21:19:47.474Z debug
[InspectorProxyWorker] SEND TO RUNTIME {"method":"Runtime.getIsolateId","id":100000458}
---

--- 2026-06-16T21:19:47.475Z debug
[InspectorProxyWorker] RUNTIME INCOMING MESSAGE { id: 100000458, result: { id: '74437f9e05b4ce5a' } }
---

--- 2026-06-16T21:19:57.475Z debug
[InspectorProxyWorker] RUNTIME INCOMING MESSAGE { id: 100000459, result: { id: '74437f9e05b4ce5a' } }
---

--- 2026-06-16T21:19:57.476Z debug
[InspectorProxyWorker] SEND TO RUNTIME {"method":"Runtime.getIsolateId","id":100000459}
---

--- 2026-06-16T21:20:07.468Z debug
[InspectorProxyWorker] SEND TO RUNTIME {"method":"Runtime.getIsolateId","id":100000460}
---

--- 2026-06-16T21:20:07.469Z debug
[InspectorProxyWorker] RUNTIME INCOMING MESSAGE { id: 100000460, result: { id: '74437f9e05b4ce5a' } }
---

--- 2026-06-16T21:20:17.467Z debug
[InspectorProxyWorker] RUNTIME INCOMING MESSAGE { id: 100000461, result: { id: '74437f9e05b4ce5a' } }
---

--- 2026-06-16T21:20:17.468Z debug
[InspectorProxyWorker] SEND TO RUNTIME {"method":"Runtime.getIsolateId","id":100000461}
---

--- 2026-06-16T21:20:27.482Z debug
[InspectorProxyWorker] RUNTIME INCOMING MESSAGE { id: 100000462, result: { id: '74437f9e05b4ce5a' } }
---

--- 2026-06-16T21:20:27.483Z debug
[InspectorProxyWorker] SEND TO RUNTIME {"method":"Runtime.getIsolateId","id":100000462}
---

--- 2026-06-16T21:20:37.477Z debug
[InspectorProxyWorker] SEND TO RUNTIME {"method":"Runtime.getIsolateId","id":100000463}
---

--- 2026-06-16T21:20:37.478Z debug
[InspectorProxyWorker] RUNTIME INCOMING MESSAGE { id: 100000463, result: { id: '74437f9e05b4ce5a' } }
---

--- 2026-06-16T21:20:47.469Z debug
[InspectorProxyWorker] RUNTIME INCOMING MESSAGE { id: 100000464, result: { id: '74437f9e05b4ce5a' } }
---

--- 2026-06-16T21:20:47.469Z debug
[InspectorProxyWorker] SEND TO RUNTIME {"method":"Runtime.getIsolateId","id":100000464}
---

--- 2026-06-16T21:20:57.476Z debug
[InspectorProxyWorker] SEND TO RUNTIME {"method":"Runtime.getIsolateId","id":100000465}
---

--- 2026-06-16T21:20:57.477Z debug
[InspectorProxyWorker] RUNTIME INCOMING MESSAGE { id: 100000465, result: { id: '74437f9e05b4ce5a' } }
---

--- 2026-06-16T21:21:07.470Z debug
[InspectorProxyWorker] SEND TO RUNTIME {"method":"Runtime.getIsolateId","id":100000466}
---

--- 2026-06-16T21:21:07.471Z debug
[InspectorProxyWorker] RUNTIME INCOMING MESSAGE { id: 100000466, result: { id: '74437f9e05b4ce5a' } }
---

--- 2026-06-16T21:21:17.480Z debug
[InspectorProxyWorker] RUNTIME INCOMING MESSAGE { id: 100000467, result: { id: '74437f9e05b4ce5a' } }
---

--- 2026-06-16T21:21:17.480Z debug
[InspectorProxyWorker] SEND TO RUNTIME {"method":"Runtime.getIsolateId","id":100000467}
---

--- 2026-06-16T21:21:27.476Z debug
[InspectorProxyWorker] SEND TO RUNTIME {"method":"Runtime.getIsolateId","id":100000468}
---

--- 2026-06-16T21:21:27.477Z debug
[InspectorProxyWorker] RUNTIME INCOMING MESSAGE { id: 100000468, result: { id: '74437f9e05b4ce5a' } }
---

--- 2026-06-16T21:21:37.466Z debug
[InspectorProxyWorker] SEND TO RUNTIME {"method":"Runtime.getIsolateId","id":100000469}
---

--- 2026-06-16T21:21:37.468Z debug
[InspectorProxyWorker] RUNTIME INCOMING MESSAGE { id: 100000469, result: { id: '74437f9e05b4ce5a' } }
---

--- 2026-06-16T21:21:47.474Z debug
[InspectorProxyWorker] SEND TO RUNTIME {"method":"Runtime.getIsolateId","id":100000470}
---

--- 2026-06-16T21:21:47.474Z debug
[InspectorProxyWorker] RUNTIME INCOMING MESSAGE { id: 100000470, result: { id: '74437f9e05b4ce5a' } }
---

--- 2026-06-16T21:21:57.475Z debug
[InspectorProxyWorker] RUNTIME INCOMING MESSAGE { id: 100000471, result: { id: '74437f9e05b4ce5a' } }
---

--- 2026-06-16T21:21:57.476Z debug
[InspectorProxyWorker] SEND TO RUNTIME {"method":"Runtime.getIsolateId","id":100000471}
---

--- 2026-06-16T21:22:07.467Z debug
[InspectorProxyWorker] RUNTIME INCOMING MESSAGE { id: 100000472, result: { id: '74437f9e05b4ce5a' } }
---

--- 2026-06-16T21:22:07.468Z debug
[InspectorProxyWorker] SEND TO RUNTIME {"method":"Runtime.getIsolateId","id":100000472}
---

--- 2026-06-16T21:22:17.468Z debug
[InspectorProxyWorker] RUNTIME INCOMING MESSAGE { id: 100000473, result: { id: '74437f9e05b4ce5a' } }
---

--- 2026-06-16T21:22:17.468Z debug
[InspectorProxyWorker] SEND TO RUNTIME {"method":"Runtime.getIsolateId","id":100000473}
---

--- 2026-06-16T21:22:27.476Z debug
[InspectorProxyWorker] RUNTIME INCOMING MESSAGE { id: 100000474, result: { id: '74437f9e05b4ce5a' } }
---

--- 2026-06-16T21:22:27.476Z debug
[InspectorProxyWorker] SEND TO RUNTIME {"method":"Runtime.getIsolateId","id":100000474}
---

--- 2026-06-16T21:22:37.464Z debug
[InspectorProxyWorker] RUNTIME INCOMING MESSAGE { id: 100000475, result: { id: '74437f9e05b4ce5a' } }
---

--- 2026-06-16T21:22:37.465Z debug
[InspectorProxyWorker] SEND TO RUNTIME {"method":"Runtime.getIsolateId","id":100000475}
---

--- 2026-06-16T21:22:47.464Z debug
[InspectorProxyWorker] RUNTIME INCOMING MESSAGE { id: 100000476, result: { id: '74437f9e05b4ce5a' } }
---

--- 2026-06-16T21:22:47.464Z debug
[InspectorProxyWorker] SEND TO RUNTIME {"method":"Runtime.getIsolateId","id":100000476}
---

--- 2026-06-16T21:22:57.477Z debug
[InspectorProxyWorker] RUNTIME INCOMING MESSAGE { id: 100000477, result: { id: '74437f9e05b4ce5a' } }
---

--- 2026-06-16T21:22:57.479Z debug
[InspectorProxyWorker] SEND TO RUNTIME {"method":"Runtime.getIsolateId","id":100000477}
---

--- 2026-06-16T21:23:07.473Z debug
[InspectorProxyWorker] SEND TO RUNTIME {"method":"Runtime.getIsolateId","id":100000478}
---

--- 2026-06-16T21:23:07.473Z debug
[InspectorProxyWorker] RUNTIME INCOMING MESSAGE { id: 100000478, result: { id: '74437f9e05b4ce5a' } }
---

--- 2026-06-16T21:23:17.470Z debug
[InspectorProxyWorker] RUNTIME INCOMING MESSAGE { id: 100000479, result: { id: '74437f9e05b4ce5a' } }
---

--- 2026-06-16T21:23:17.470Z debug
[InspectorProxyWorker] SEND TO RUNTIME {"method":"Runtime.getIsolateId","id":100000479}
---

--- 2026-06-16T21:23:27.465Z debug
[InspectorProxyWorker] RUNTIME INCOMING MESSAGE { id: 100000480, result: { id: '74437f9e05b4ce5a' } }
---

--- 2026-06-16T21:23:27.465Z debug
[InspectorProxyWorker] SEND TO RUNTIME {"method":"Runtime.getIsolateId","id":100000480}
---

--- 2026-06-16T21:23:37.480Z debug
[InspectorProxyWorker] SEND TO RUNTIME {"method":"Runtime.getIsolateId","id":100000481}
---

--- 2026-06-16T21:23:37.481Z debug
[InspectorProxyWorker] RUNTIME INCOMING MESSAGE { id: 100000481, result: { id: '74437f9e05b4ce5a' } }
---

--- 2026-06-16T21:23:47.469Z debug
[InspectorProxyWorker] SEND TO RUNTIME {"method":"Runtime.getIsolateId","id":100000482}
---

--- 2026-06-16T21:23:47.470Z debug
[InspectorProxyWorker] RUNTIME INCOMING MESSAGE { id: 100000482, result: { id: '74437f9e05b4ce5a' } }
---

--- 2026-06-16T21:23:57.465Z debug
[InspectorProxyWorker] RUNTIME INCOMING MESSAGE { id: 100000483, result: { id: '74437f9e05b4ce5a' } }
---

--- 2026-06-16T21:23:57.466Z debug
[InspectorProxyWorker] SEND TO RUNTIME {"method":"Runtime.getIsolateId","id":100000483}
---

--- 2026-06-16T21:24:07.469Z debug
[InspectorProxyWorker] RUNTIME INCOMING MESSAGE { id: 100000484, result: { id: '74437f9e05b4ce5a' } }
---

--- 2026-06-16T21:24:07.469Z debug
[InspectorProxyWorker] SEND TO RUNTIME {"method":"Runtime.getIsolateId","id":100000484}
---

--- 2026-06-16T21:24:17.477Z debug
[InspectorProxyWorker] RUNTIME INCOMING MESSAGE { id: 100000485, result: { id: '74437f9e05b4ce5a' } }
---

--- 2026-06-16T21:24:17.477Z debug
[InspectorProxyWorker] SEND TO RUNTIME {"method":"Runtime.getIsolateId","id":100000485}
---

--- 2026-06-16T21:24:27.474Z debug
[InspectorProxyWorker] SEND TO RUNTIME {"method":"Runtime.getIsolateId","id":100000486}
---

--- 2026-06-16T21:24:27.475Z debug
[InspectorProxyWorker] RUNTIME INCOMING MESSAGE { id: 100000486, result: { id: '74437f9e05b4ce5a' } }
---

--- 2026-06-16T21:24:37.467Z debug
[InspectorProxyWorker] RUNTIME INCOMING MESSAGE { id: 100000487, result: { id: '74437f9e05b4ce5a' } }
---

--- 2026-06-16T21:24:37.468Z debug
[InspectorProxyWorker] SEND TO RUNTIME {"method":"Runtime.getIsolateId","id":100000487}
---

--- 2026-06-16T21:24:47.478Z debug
[InspectorProxyWorker] SEND TO RUNTIME {"method":"Runtime.getIsolateId","id":100000488}
---

--- 2026-06-16T21:24:47.478Z debug
[InspectorProxyWorker] RUNTIME INCOMING MESSAGE { id: 100000488, result: { id: '74437f9e05b4ce5a' } }
---

--- 2026-06-16T21:24:57.484Z debug
[InspectorProxyWorker] RUNTIME INCOMING MESSAGE { id: 100000489, result: { id: '74437f9e05b4ce5a' } }
---

--- 2026-06-16T21:24:57.485Z debug
[InspectorProxyWorker] SEND TO RUNTIME {"method":"Runtime.getIsolateId","id":100000489}
---

--- 2026-06-16T21:25:07.472Z debug
[InspectorProxyWorker] SEND TO RUNTIME {"method":"Runtime.getIsolateId","id":100000490}
---

--- 2026-06-16T21:25:07.472Z debug
[InspectorProxyWorker] RUNTIME INCOMING MESSAGE { id: 100000490, result: { id: '74437f9e05b4ce5a' } }
---

--- 2026-06-16T21:25:17.474Z debug
[InspectorProxyWorker] SEND TO RUNTIME {"method":"Runtime.getIsolateId","id":100000491}
---

--- 2026-06-16T21:25:17.475Z debug
[InspectorProxyWorker] RUNTIME INCOMING MESSAGE { id: 100000491, result: { id: '74437f9e05b4ce5a' } }
---

--- 2026-06-16T21:25:27.469Z debug
[InspectorProxyWorker] RUNTIME INCOMING MESSAGE { id: 100000492, result: { id: '74437f9e05b4ce5a' } }
---

--- 2026-06-16T21:25:27.470Z debug
[InspectorProxyWorker] SEND TO RUNTIME {"method":"Runtime.getIsolateId","id":100000492}
---

--- 2026-06-16T21:25:37.470Z debug
[InspectorProxyWorker] RUNTIME INCOMING MESSAGE { id: 100000493, result: { id: '74437f9e05b4ce5a' } }
---

--- 2026-06-16T21:25:37.472Z debug
[InspectorProxyWorker] SEND TO RUNTIME {"method":"Runtime.getIsolateId","id":100000493}
---

--- 2026-06-16T21:25:47.467Z debug
[InspectorProxyWorker] SEND TO RUNTIME {"method":"Runtime.getIsolateId","id":100000494}
---

--- 2026-06-16T21:25:47.467Z debug
[InspectorProxyWorker] RUNTIME INCOMING MESSAGE { id: 100000494, result: { id: '74437f9e05b4ce5a' } }
---

--- 2026-06-16T21:25:57.480Z debug
[InspectorProxyWorker] RUNTIME INCOMING MESSAGE { id: 100000495, result: { id: '74437f9e05b4ce5a' } }
---

--- 2026-06-16T21:25:57.482Z debug
[InspectorProxyWorker] SEND TO RUNTIME {"method":"Runtime.getIsolateId","id":100000495}
---

--- 2026-06-16T21:26:07.481Z debug
[InspectorProxyWorker] RUNTIME INCOMING MESSAGE { id: 100000496, result: { id: '74437f9e05b4ce5a' } }
---

--- 2026-06-16T21:26:07.482Z debug
[InspectorProxyWorker] SEND TO RUNTIME {"method":"Runtime.getIsolateId","id":100000496}
---

--- 2026-06-16T21:26:17.465Z debug
[InspectorProxyWorker] RUNTIME INCOMING MESSAGE { id: 100000497, result: { id: '74437f9e05b4ce5a' } }
---

--- 2026-06-16T21:26:17.466Z debug
[InspectorProxyWorker] SEND TO RUNTIME {"method":"Runtime.getIsolateId","id":100000497}
---

--- 2026-06-16T21:26:27.472Z debug
[InspectorProxyWorker] SEND TO RUNTIME {"method":"Runtime.getIsolateId","id":100000498}
---

--- 2026-06-16T21:26:27.473Z debug
[InspectorProxyWorker] RUNTIME INCOMING MESSAGE { id: 100000498, result: { id: '74437f9e05b4ce5a' } }
---
